"id","code","name","country_id"
1, ,Ереван,220000
2, ,Гюмри,220000
3, ,Ванадзор,220000
4, ,Эчмиадзин,220000
5, ,Раздан,220000
6, ,Абовян,220000
7, ,Капан,220000
8, ,Армавир,220000
9, ,Чаренцаван,220000
10, ,Степанаван,220000
11, ,Севан,220000
12, ,Аштарак,220000
13, ,Масис,220000
14, ,Арташат,220000
15, ,Арарат,220000
16, ,Гаварр,220000
17, ,Горис,220000
18, ,Иджеван,220000
19, ,Артик,220000
20, ,Артик,220000
21, ,Дилижан,220000
22, ,Спитак,220000
23, ,Сисиан,220000
24, ,Веди,220000
25, ,Алаверди,220000
26, ,Варденис,220000
27, ,Мартуни,220000
28, ,Егвард,220000
29, ,Варденик,220000
30, ,Мецамор,220000
31, ,Берд,220000
32, ,Бюрегаван,220000
33, ,Нор Ачн,220000
34, ,Ташир,220000
35, ,Неркин Геташен,220000
36, ,Ехегнадзор,220000
37, ,Минск,400000
38, ,Гомель,400000
39, ,Витебск,400000
40, ,Гродно,400000
41, ,Могилёв,400000
42, ,Брест,400000
43, ,Бобруйск,400000
44, ,Барановичи,400000
45, ,Горад Борисов,400000
46, ,Пинск,400000
47, ,Мозырь,400000
48, ,Лида,400000
49, ,Орша,400000
50, ,Солигорск,400000
51, ,Новополоцк,400000
52, ,Молодечно,400000
53, ,Полоцк,400000
54, ,Жлобин,400000
55, ,Речица,400000
56, ,Горад Жодино,400000
57, ,Светлогорск,400000
58, ,Слуцк,400000
59, ,Кобрин,400000
60, ,Слоним,400000
61, ,Волковыск,400000
62, ,Калинковичи,400000
63, ,Сморгонь,400000
64, ,Рогачев,400000
65, ,Дзержинск,400000
66, ,Осиповичи,400000
67, ,Горки,400000
68, ,Береза,400000
69, ,Новогрудок,400000
70, ,Вилейка,400000
71, ,Лунинец,400000
72, ,Кричев,400000
73, ,Ивацевичи,400000
74, ,Горад Смолевичи,400000
75, ,Марьина Горка,400000
76, ,Пружаны,400000
77, ,Поставы,400000
78, ,Добруш,400000
79, ,Фанипал,400000
80, ,Глубокое,400000
81, ,Столбцы,400000
82, ,Заславье,400000
83, ,Липель,400000
84, ,Ошмяны,400000
85, ,Быхов,400000
86, ,Иванова,400000
87, ,Житковичи,400000
88, ,Несвиж,400000
89, ,Щучин,400000
90, ,Логойск,400000
91, ,Климовичи,400000
92, ,Костюковичи,400000
93, ,Шклов,400000
94, ,Дрогичин,400000
95, ,Островец,400000
96, ,Масти,400000
97, ,Жабинка,400000
98, ,Столин,400000
99, ,Ганцевичи,400000
100, ,Хойники,400000
101, ,Маларита,400000
102, ,Микашевичи,400000
103, ,Лельчицы,400000
104, ,Новолукомль,400000
105, ,Городок,400000
106, ,Березино,400000
107, ,Любань,400000
108, ,Клицк,400000
109, ,Белоозёрск,400000
110, ,Старая Дороги,400000
111, ,Узда,400000
112, ,Ляховичи,400000
113, ,Червень,400000
114, ,Мачулищи,400000
115, ,Петриков,400000
116, ,Баран,400000
117, ,Капыль,400000
118, ,Воложин,400000
119, ,Мстислав,400000
120, ,Чаусы,400000
121, ,Белыничи,400000
122, ,Скидаль,400000
123, ,Талачин,400000
124, ,Берозавка,400000
125, ,Браслав,400000
126, ,Чачерск,400000
127, ,Ельск,400000
128, ,Ветка,400000
129, ,Буда-Кашалёва,400000
130, ,Гуанчжоу,500000
131, ,Шанхай,500000
132, ,Пекин,500000
133, ,Шэньчжэнь,500000
134, ,Чэнду,500000
135, ,Сиань,500000
136, ,Чунцин,500000
137, ,Баодин,500000
138, ,Линьи,500000
139, ,Дунгуань,500000
140, ,Тяньцзинь,500000
141, ,Ухань,500000
142, ,Наньян,500000
143, ,Ханчжоу,500000
144, ,Фошань,500000
145, ,Туншань,500000
146, ,Чжоукоу,500000
147, ,Ганьчжоу,500000
148, ,Хэцзэ,500000
149, ,Цюаньчжоу,500000
150, ,Нанкин,500000
151, ,Цзинин,500000
152, ,Фуян,500000
153, ,Шэньян,500000
154, ,Шанцю,500000
155, ,Цанчжоу,500000
156, ,Синтай,500000
157, ,Жумадянь,500000
158, ,Чжаньцзян,500000
159, ,Биджие,500000
160, ,Яньчэн,500000
161, ,Хэнъян,500000
162, ,Цзуньи,500000
163, ,Шаоян,500000
164, ,Шанграо,500000
165, ,Синьян,500000
166, ,Маомин,500000
167, ,Цзеян,500000
168, ,Ляочэн,500000
169, ,Хуанган,500000
170, ,Далянь,500000
171, ,Циндао,500000
172, ,Юлин,500000
173, ,Цюйцзин,500000
174, ,Нангандао,500000
175, ,Пудун,500000
176, ,Чжэнчжоу,500000
177, ,Дэчжоу,500000
178, ,Наньчун,500000
179, ,Цзинань,500000
180, ,Тайань,500000
181, ,Ланфанг,500000
182, ,Дачжоу,500000
183, ,Сучжоу,500000
184, ,Юнчжоу,500000
185, ,Чандэ,500000
186, ,Сянъян,500000
187, ,Чжаотун,500000
188, ,Чжанчжоу,500000
189, ,Ичунь,500000
190, ,Бочжоу,500000
191, ,Суцянь,500000
192, ,Цзиань,500000
193, ,Гуйлинь,500000
194, ,Пиндиншань,500000
195, ,Мяньян,500000
196, ,Хуанлунси,500000
197, ,Юньчэн,500000
198, ,Чанша,500000
199, ,Вэйнань,500000
200, ,Чэньчжоу,500000
201, ,Цзянмэнь,500000
202, ,Цзюцзян,500000
203, ,Синьпу,500000
204, ,Ибинь,500000
205, ,Хуайхуа,500000
206, ,Янчжоу,500000
207, ,Тайчжоу,500000
208, ,Куньмин,500000
209, ,Иян,500000
210, ,Чанчунь,500000
211, ,Луань,500000
212, ,Цзянгуанчи,500000
213, ,Мэйчжоу,500000
214, ,Урумчи,500000
215, ,Сучжоу,500000
216, ,Гуйган,500000
217, ,Шаньтоу,500000
218, ,Сяоганьчжан,500000
219, ,Лучжоу,500000
220, ,Хэфэй,500000
221, ,Хэншуй,500000
222, ,Аньцин,500000
223, ,Лючжоу,500000
224, ,Чжанцзякоу,500000
225, ,Чжаоцин,500000
226, ,Шицзячжуан,500000
227, ,Нинбо,500000
228, ,Цицикар,500000
229, ,Фучжоу,500000
230, ,Чифэн,500000
231, ,Сяоксита,500000
232, ,Чучжоу,500000
233, ,Линьфэнь,500000
234, ,Цинъюань,500000
235, ,Сяньян,500000
236, ,Лоуди,500000
237, ,Биньчжоу,500000
238, ,Чжучжоу,500000
239, ,Тайюань,500000
240, ,Наньнин,500000
241, ,Харбин,500000
242, ,Суйхуа,500000
243, ,Цзаочжуан,500000
244, ,Сямынь,500000
245, ,Нэйцзян,500000
246, ,Фучжоу,500000
247, ,Байчэн,500000
248, ,Уху,500000
249, ,Юлиньши,500000
250, ,Вэньчжоу,500000
251, ,Чанчжоу,500000
252, ,Пуян,500000
253, ,Цзяоцзо,500000
254, ,Наньчан,500000
255, ,Дэян,500000
256, ,Хух-Хото,500000
257, ,Хечи,500000
258, ,Таншань,500000
259, ,Шиян,500000
260, ,Аньшань,500000
261, ,Баоцзиши,500000
262, ,Циньчжоу,500000
263, ,Гуйян,500000
264, ,Бенгбу,500000
265, ,Бачжоу,500000
266, ,Суйнин,500000
267, ,Уси,500000
268, ,Ханьчжун,500000
269, ,Путянь,500000
270, ,Чжэньцзян,500000
271, ,Гуанъань,500000
272, ,Чанчжи,500000
273, ,Тонгрен,500000
274, ,Лэшань,500000
275, ,Циньхуандао,500000
276, ,Синьчжоу,500000
277, ,Ланьчжоу,500000
278, ,Учжоу,500000
279, ,Хуайнань,500000
280, ,Циньчэн,500000
281, ,Жичжао,500000
282, ,Мэйшань,500000
283, ,Нингде,500000
284, ,Чжуншань,500000
285, ,Вэйхай,500000
286, ,Хайкоу,500000
287, ,Тунляо,500000
288, ,Чаоян,500000
289, ,Шаогуань,500000
290, ,Хэюань,500000
291, ,Дацин,500000
292, ,Сянтань,500000
293, ,Лунъянь,500000
294, ,Баотоу,500000
295, ,Хандань,500000
296, ,Цзиньчжоу,500000
297, ,Наньпин,500000
298, ,Шаньвэй,500000
299, ,Чаочжоу,500000
300, ,Вэйфан,500000
301, ,Хуайань,500000
302, ,Цзыбо,500000
303, ,Анькан,500000
304, ,Гулоу,500000
305, ,Саньмин,500000
306, ,Янцзян,500000
307, ,Цзямусы,500000
308, ,Луохэ,500000
309, ,Динси,500000
310, ,Шаосин,500000
311, ,Яньтай,500000
312, ,Хуэйчжоу,500000
313, ,Лишуй,500000
314, ,Сюаньчжоу,500000
315, ,Цзыгун,500000
316, ,Гуанъюань,500000
317, ,Хуанши,500000
318, ,Синин,500000
319, ,Чжухай,500000
320, ,Хулудао,500000
321, ,Баошань,500000
322, ,Ляньшань,500000
323, ,Лонгба,500000
324, ,Цзилинь,500000
325, ,Тилинг,500000
326, ,Юнфу,500000
327, ,Лоян,500000
328, ,Аньшунь,500000
329, ,Инкоу,500000
330, ,Яньцзян,500000
331, ,Муданьцзян,500000
332, ,Яньань,500000
333, ,Цзиньчэн,500000
334, ,Наньтун,500000
335, ,Линканг,500000
336, ,Юйси,500000
337, ,Лайбин,500000
338, ,Шэнли,500000
339, ,Даньдун,500000
340, ,Циньбалин,500000
341, ,Гаопин,500000
342, ,Тайчжоу,500000
343, ,Мааньшань,500000
344, ,Пунинг,500000
345, ,Хуайбэй,500000
346, ,Чунцзуо,500000
347, ,Юшань,500000
348, ,Хэчжоу,500000
349, ,Пинлян,500000
350, ,Цинъян,500000
351, ,Шанчжоу,500000
352, ,Саньмэнься,500000
353, ,Байчэн,500000
354, ,Пинсян,500000
355, ,Иньчуань,500000
356, ,Сипин,500000
357, ,Цзиси,500000
358, ,Фушунь,500000
359, ,Бэйхай,500000
360, ,Фусинь,500000
361, ,Увэй,500000
362, ,Потягивая,500000
363, ,Шуянджа,500000
364, ,Шуочжоу,500000
365, ,Санчжоу,500000
366, ,Чаншу,500000
367, ,Хэйхэ,500000
368, ,Симейкунь,500000
369, ,Цзиндэчжэнь,500000
370, ,Ляоян,500000
371, ,Чэнтанцунь,500000
372, ,Цзянъинь,500000
373, ,Хеби,500000
374, ,Хучжоу,500000
375, ,Цзясин,500000
376, ,Чжанцзяцзе,500000
377, ,Байин,500000
378, ,Гипинг,500000
379, ,Ляньцзян,500000
380, ,Цзянгуан,500000
381, ,Юйчэн,500000
382, ,Сюшань,500000
383, ,Лэйчжоу,500000
384, ,Хуачжоу,500000
385, ,Цзиньхуа,500000
386, ,Пичжоу,500000
387, ,Янше,500000
388, ,Руйан,500000
389, ,Вэньлин,500000
390, ,Гаочжоу,500000
391, ,Фуцин,500000
392, ,Учжун,500000
393, ,Пинду,500000
394, ,Янцюань,500000
395, ,Ютан,500000
396, ,Чичжоу,500000
397, ,Лянши,500000
398, ,Хуаншань,500000
399, ,Бэньси,500000
400, ,Синтай,500000
401, ,Усон,500000
402, ,Юшу,500000
403, ,Куайдамао,500000
404, ,Хуачжоу,500000
405, ,Байшань,500000
406, ,Хайчэн,500000
407, ,Ичэн,500000
408, ,Рученг,500000
409, ,Хуайинь,500000
410, ,Даян,500000
411, ,Шаоян,500000
412, ,Лайу,500000
413, ,звон,500000
414, ,Юнчэн,500000
415, ,Иу,500000
416, ,Бэйдао,500000
417, ,Сяншуй,500000
418, ,Дадукоу,500000
419, ,Линчэн,500000
420, ,Шуангьяшань,500000
421, ,Синьюй,500000
422, ,Чжанъе,500000
423, ,Жунчэн,500000
424, ,Ляоюань,500000
425, ,Гуанькоу,500000
426, ,Ляньюань,500000
427, ,Жунчэн,500000
428, ,Кайюань,500000
429, ,Чжуджи,500000
430, ,Интань,500000
431, ,Лэйян,500000
432, ,Ичунь,500000
433, ,Гуюань,500000
434, ,Сяньтао,500000
435, ,Инчуань,500000
436, ,Донгтай,500000
437, ,Динчжоу,500000
438, ,Сибэйцзе,500000
439, ,Юяо,500000
440, ,Ханьчуань,500000
441, ,Гунчжулин,500000
442, ,Чжуфэн,500000
443, ,Эчжоу,500000
444, ,Сяши,500000
445, ,Чжунвэй,500000
446, ,Мичжоу,500000
447, ,Сишань,500000
448, ,Хеган,500000
449, ,Фанчэнган,500000
450, ,Цзяньчэн,500000
451, ,Шоугуан,500000
452, ,Санья,500000
453, ,Утун,500000
454, ,Линьхай,500000
455, ,Вафандянь,500000
456, ,Чжунсян,500000
457, ,Синьи,500000
458, ,Цзаоян,500000
459, ,Синъи,500000
460, ,Шуйжай,500000
461, ,Синчэн,500000
462, ,Тайсин,500000
463, ,Синьхуалу,500000
464, ,Инчэн,500000
465, ,Луочэн,500000
466, ,Хуэйлун,500000
467, ,Учуань,500000
468, ,Нада,500000
469, ,Тайшань,500000
470, ,Аньцю,500000
471, ,Фейчэн,500000
472, ,Мэйшань,500000
473, ,Тайхэ,500000
474, ,Синьань,500000
475, ,Тайхекунь,500000
476, ,Кашгар,500000
477, ,Цинчжоу,500000
478, ,Дайе,500000
479, ,Хэнчжоу,500000
480, ,Чжуанхэ,500000
481, ,Цюйчжоу,500000
482, ,Цзяочжоу,500000
483, ,Учан,500000
484, ,Янчунь,500000
485, ,Денгталу,500000
486, ,Чжоушань,500000
487, ,Хайань,500000
488, ,Лайян,500000
489, ,Кайфэн Чэнгуаньчжэнь,500000
490, ,Гаоми,500000
491, ,Лхаса,500000
492, ,Уси,500000
493, ,Лепинг,500000
494, ,Шаче,500000
495, ,Хайлун,500000
496, ,Маченг,500000
497, ,Зыджинглу,500000
498, ,Юси,500000
499, ,Дэхуэй,500000
500, ,Тунчуань,500000
501, ,Чэнсян,500000
502, ,Жунцзявань,500000
503, ,Вейчанлу,500000
504, ,Ренцю,500000
505, ,Зинди,500000
506, ,Уань,500000
507, ,Цинпин,500000
508, ,Гаою,500000
509, ,Иян,500000
510, ,Хэцзянь,500000
511, ,Пуси,500000
512, ,Даньян,500000
513, ,Дунъян,500000
514, ,Сигазе,500000
515, ,Камдо,500000
516, ,Сянсян,500000
517, ,Чаохукунь,500000
518, ,Зупинг,500000
519, ,Дали,500000
520, ,Фуян,500000
521, ,Корла,500000
522, ,Сонгзи,500000
523, ,Лайси,500000
524, ,Чжунба,500000
525, ,Циннянь,500000
526, ,Гуаншуй,500000
527, ,Сижан,500000
528, ,Личуань,500000
529, ,Личэн,500000
530, ,Чэнгуань,500000
531, ,Нехе,500000
532, ,Цзуньхуа,500000
533, ,Уган,500000
534, ,Шуанцяо,500000
535, ,Ланчжун,500000
536, ,Цяньань,500000
537, ,Чэньчэн,500000
538, ,Гули,500000
539, ,Анлу,500000
540, ,Чанша,500000
541, ,Сунъян,500000
542, ,Шихези,500000
543, ,Ято,500000
544, ,Сичан,500000
545, ,Дашицяо,500000
546, ,Цяньси,500000
547, ,Шиши,500000
548, ,Милуо Чэнгуаньчжэнь,500000
549, ,Гайчжоу,500000
550, ,Лелинг,500000
551, ,Цзяньше,500000
552, ,Цзинчэн,500000
553, ,Синьминь,500000
554, ,Шаньху,500000
555, ,Чжуншу,500000
556, ,Кумул,500000
557, ,Пинху,500000
558, ,Гуанькоу,500000
559, ,Цюнху,500000
560, ,Чжаодун,500000
561, ,Пуян Чэнгуаньчжэнь,500000
562, ,Вэньчан,500000
563, ,Шулан,500000
564, ,Линбао Чэнгуаньчжэнь,500000
565, ,Сипин,500000
566, ,Санхэ,500000
567, ,Цзешоу,500000
568, ,Суохэ,500000
569, ,Гуйси,500000
570, ,Усюэ,500000
571, ,Цзинхун,500000
572, ,Тэнъюэ,500000
573, ,Руймин,500000
574, ,Цюйфу,500000
575, ,Синьши,500000
576, ,Джинье,500000
577, ,Чусюн,500000
578, ,Синьсин,500000
579, ,Кайхуа,500000
580, ,Мейлан,500000
581, ,Бачжоу,500000
582, ,Турфан,500000
583, ,Мэйхекоу,500000
584, ,Джуронг,500000
585, ,Юхуань,500000
586, ,Синьцзи,500000
587, ,Чанпин,500000
588, ,Чжаншу,500000
589, ,Чжуочжоу,500000
590, ,Тяньчан,500000
591, ,Сихуэй,500000
592, ,Луочэн,500000
593, ,Вэньлан,500000
594, ,Шанчжи,500000
595, ,Боту,500000
596, ,Сюлин,500000
597, ,Фуань,500000
598, ,Луофэн,500000
599, ,Линъюань,500000
600, ,Шэньчжоу,500000
601, ,Куиджу,500000
602, ,Чжэньчжоу,500000
603, ,Вэньчэн,500000
604, ,Ланьси,500000
605, ,Данъян,500000
606, ,Луаньчжоу,500000
607, ,Ухай,500000
608, ,Яньцзи,500000
609, ,Хуанхуа,500000
610, ,Синчэн,500000
611, ,Ваньчэн,500000
612, ,Кайюань,500000
613, ,Фэнчэн,500000
614, ,Кульджа,500000
615, ,Фудин,500000
616, ,Сянъян,500000
617, ,Чанъань,500000
618, ,Аксу,500000
619, ,Мингуан,500000
620, ,Гаобэйдянь,500000
621, ,Айлан Мубаге,500000
622, ,Юйчэн,500000
623, ,Анда,500000
624, ,Лунчжоу,500000
625, ,Хешань,500000
626, ,Цзяджи,500000
627, ,Бытие,500000
628, ,Ичэн,500000
629, ,Энченг,500000
630, ,Нагку,500000
631, ,Мэйчэн,500000
632, ,Нэньцзян,500000
633, ,Хунцзян,500000
634, ,Бэйпяо,500000
635, ,Денгтакун,500000
636, ,Чжицзян,500000
637, ,Суолунтун,500000
638, ,Чэнцзяо,500000
639, ,Дуюнь,500000
640, ,Юаньпин,500000
641, ,Юэцин,500000
642, ,Карамай,500000
643, ,Шахе,500000
644, ,Гаопин,500000
645, ,Дуньхуа,500000
646, ,Лианран,500000
647, ,Цзяннан,500000
648, ,Наньгун,500000
649, ,Цзяоцзянцунь,500000
650, ,Лаохекоу,500000
651, ,Бэйан,500000
652, ,Фуджин,500000
653, ,Сяои,500000
654, ,Цинчжэнь,500000
655, ,Цзяншань,500000
656, ,Лунцзян,500000
657, ,Кука,500000
658, ,Цзяньоу,500000
659, ,Хуадянь,500000
660, ,Минжу,500000
661, ,Танбэй,500000
662, ,Пинцюань,500000
663, ,Байша,500000
664, ,Юнджи,500000
665, ,Даньцзянкоу,500000
666, ,Нинань,500000
667, ,Цзиньчан,500000
668, ,Гуанмин,500000
669, ,Чжуангюань,500000
670, ,Хуэйли Чэнгуаньчжэнь,500000
671, ,Сюньян,500000
672, ,Яньань Бейлу,500000
673, ,Хайлин,500000
674, ,Мишань,500000
675, ,Чжэнцзятунь,500000
676, ,Леченг,500000
677, ,Сичэн,500000
678, ,Пенченг,500000
679, ,Даан,500000
680, ,Синжэнь,500000
681, ,Фэньян,500000
682, ,Фангтинг,500000
683, ,Линхай,500000
684, ,Чжанцзякоу Ши Сюаньхуа Цюй,500000
685, ,Ваньюань,500000
686, ,Цзесю,500000
687, ,Цзянцзяфань,500000
688, ,Хеджин,500000
689, ,Чжуган,500000
690, ,Ханьчэн,500000
691, ,Тиели,500000
692, ,Ляньчжоу,500000
693, ,Йиду,500000
694, ,Линси,500000
695, ,Зетанг,500000
696, ,Хеликси,500000
697, ,Леншуйцзян,500000
698, ,Панши,500000
699, ,Хуэйчан,500000
700, ,Цзиньшань,500000
701, ,Ангуо,500000
702, ,Наньцяо,500000
703, ,Удалянчи,500000
704, ,Шуанхэ,500000
705, ,Юнъань,500000
706, ,Линься Чэнгуаньчжэнь,500000
707, ,Хунчжай,500000
708, ,Якеши,500000
709, ,Инмэнь,500000
710, ,Тандонг,500000
711, ,Инчжун,500000
712, ,Личэн,500000
713, ,Хангу,500000
714, ,Бамиантонг,500000
715, ,Уланхот,500000
716, ,Юньчжун,500000
717, ,Биньсянь,500000
718, ,Кайюань,500000
719, ,Хотан,500000
720, ,Залантун,500000
721, ,Сяоли,500000
722, ,Цзяюгуань,500000
723, ,Датанг,500000
724, ,Лунцюань,500000
725, ,Юнхетун,500000
726, ,Цяньчжоу,500000
727, ,Яко,500000
728, ,Дексинг,500000
729, ,Хулин,500000
730, ,Хунъань,500000
731, ,Фуцюань,500000
732, ,Хуочжоу,500000
733, ,Тунчуаньши,500000
734, ,Цзинин,500000
735, ,Синша,500000
736, ,Шаову,500000
737, ,Бицзяо,500000
738, ,Хуайинь,500000
739, ,Джинши,500000
740, ,Маньчжурия,500000
741, ,Бэйчэнцюй,500000
742, ,Чжанпин,500000
743, ,Атуши,500000
744, ,Дяобиншаньцунь,500000
745, ,Уишань,500000
746, ,Шенму,500000
747, ,Чишуй,500000
748, ,Боле,500000
749, ,Лунцюань,500000
750, ,Линьань,500000
751, ,Дианбу,500000
752, ,Хуньчунь,500000
753, ,Нонгань,500000
754, ,Цзиань Ши,500000
755, ,Лунцзян,500000
756, ,Ваяобу,500000
757, ,Гуцзяо,500000
758, ,Дунсин,500000
759, ,Голмуд,500000
760, ,Сигуцзин,500000
761, ,Дуннин,500000
762, ,Тайшэн,500000
763, ,Цзютай,500000
764, ,Пуки,500000
765, ,Лучжан,500000
766, ,Хуанъянь,500000
767, ,Хелонг,500000
768, ,Дуньхуан,500000
769, ,Дунхуа,500000
770, ,Лунцзин,500000
771, ,Тунцзян,500000
772, ,Лунджин,500000
773, ,Канцяо,500000
774, ,Линьцзян,500000
775, ,Фэнлу,500000
776, ,Басуо,500000
777, ,Тяньтоцзяо,500000
778, ,Куйтун,500000
779, ,Фукан,500000
780, ,Симао,500000
781, ,Жанлыкунь,500000
782, ,Цзинган,500000
783, ,Таченг,500000
784, ,Ляньчэн,500000
785, ,Чжэндин,500000
786, ,Арал,500000
787, ,Сяпин,500000
788, ,Нань Чжуан,500000
789, ,Чаошань,500000
790, ,Данзао,500000
791, ,Цзинхай,500000
792, ,Дахуайшу,500000
793, ,Тафэн,500000
794, ,Фэнъюцунь,500000
795, ,Сяньшуйгу,500000
796, ,Дунгуажен,500000
797, ,Дуншэн,500000
798, ,Синьцзин,500000
799, ,Йима,500000
800, ,Синьтан,500000
801, ,Чжаси,500000
802, ,Чжаосян,500000
803, ,Цзиньцзян,500000
804, ,Алтай,500000
805, ,Шижаоби,500000
806, ,Сянчэн,500000
807, ,Сидзуйшань,500000
808, ,Мабакун,500000
809, ,Юньсянь Чэнгуаньчжэнь,500000
810, ,Чжанму Тувэй,500000
811, ,Наньцяотоу,500000
812, ,Шуанчэн,500000
813, ,Наньтоу,500000
814, ,Баяши,500000
815, ,Лучэн,500000
816, ,Цили,500000
817, ,Фэнчэн,500000
818, ,Дуншэн,500000
819, ,Чжаочжоу,500000
820, ,Фуюань,500000
821, ,Цзичжоу,500000
822, ,Фугу,500000
823, ,Лунтянь,500000
824, ,Гэсианчжуан,500000
825, ,Шиян,500000
826, ,Ляньхэ,500000
827, ,Улин,500000
828, ,Тюмень,500000
829, ,Генхэ,500000
830, ,Цзянна,500000
831, ,Шуйси,500000
832, ,Саньси,500000
833, ,Юнцин,500000
834, ,Янлюцин,500000
835, ,Сюцяокунь,500000
836, ,Куян,500000
837, ,Дуншэн,500000
838, ,Юлу,500000
839, ,Айхуа,500000
840, ,Цяотоу,500000
841, ,Шачэн,500000
842, ,Чжицзян,500000
843, ,Хэцзо,500000
844, ,Кайюн,500000
845, ,Чангбанг,500000
846, ,Дали,500000
847, ,Таоян,500000
848, ,Танцзя,500000
849, ,Шихуацзе,500000
850, ,Сишаньцунь,500000
851, ,Наньтан,500000
852, ,Илун,500000
853, ,Мачжан,500000
854, ,Чуншань,500000
855, ,Лунцзян,500000
856, ,Цзиньчэн,500000
857, ,Юнфу,500000
858, ,Хоучжуан,500000
859, ,Моситай,500000
860, ,Иши,500000
861, ,Фуганцунь,500000
862, ,Хэннань,500000
863, ,Цзинпин,500000
864, ,Синьхуа,500000
865, ,Вайфен,500000
866, ,Баньчжуанцунь,500000
867, ,Мабай,500000
868, ,Сюнчжоу,500000
869, ,Фэннин,500000
870, ,Мэнланг,500000
871, ,Сеган,500000
872, ,Хешань,500000
873, ,Наньсикунь,500000
874, ,Фаньян,500000
875, ,Уцзяцюй,500000
876, ,Дудянь,500000
877, ,Лункэн,500000
878, ,Лунцюань,500000
879, ,Вэйюань,500000
880, ,Боли,500000
881, ,Цзяньтан,500000
882, ,Дунпин,500000
883, ,Мейзичонг,500000
884, ,Баян Хот,500000
885, ,Пинъюаньцзе,500000
886, ,Ишуй,500000
887, ,И Сянь,500000
888, ,Линтанг,500000
889, ,Ванцзя,500000
890, ,Джинби,500000
891, ,Фэнган,500000
892, ,Ронгво,500000
893, ,Линьцюань,500000
894, ,Сяньцунь,500000
895, ,Мэндинцзе,500000
896, ,Юлу,500000
897, ,Танцзя,500000
898, ,Ванцин,500000
899, ,Лепинг,500000
900, ,Лешоу,500000
901, ,Цяньтанцунь,500000
902, ,Чангтинг,500000
903, ,Шуаншуйцунь,500000
904, ,Бама,500000
905, ,Улань,500000
906, ,Хэюнкэн,500000
907, ,Тансин,500000
908, ,Таохуацзян,500000
909, ,Туньчэн,500000
910, ,Яофэн,500000
911, ,Динчэн,500000
912, ,Шаошаньжан,500000
913, ,Лунхуа,500000
914, ,Тайшань Хоукун,500000
915, ,Дученг,500000
916, ,Фусуи,500000
917, ,Цзиньхэ,500000
918, ,Коргас,500000
919, ,Лунчуань,500000
920, ,Луанчэн,500000
921, ,Сишаньцунь,500000
922, ,Утяньцунь,500000
923, ,Минсин,500000
924, ,Наньтинкунь,500000
925, ,Уи,500000
926, ,Концзячжуанцунь,500000
927, ,Шуйбянь,500000
928, ,Седянь,500000
929, ,Хэнкоу,500000
930, ,Гаолиин Эрцунь,500000
931, ,Шиджи,500000
932, ,Уцзиньдянь,500000
933, ,Янгао,500000
934, ,Коктокай,500000
935, ,Дунчуань,500000
936, ,Хэнбэй,500000
937, ,Пиньи,500000
938, ,Хуолу,500000
939, ,Чэнбинь,500000
940, ,Линкоу,500000
941, ,Чжунчэн,500000
942, ,Менгла,500000
943, ,Ээргуна,500000
944, ,Дасинкун,500000
945, ,Веселье,500000
946, ,Фаньчэн,500000
947, ,Тайлай,500000
948, ,Рулин,500000
949, ,Каргилик,500000
950, ,Лайюань,500000
951, ,Синлун,500000
952, ,Дунгуань,500000
953, ,Пуцяньцунь,500000
954, ,Пангечжуан,500000
955, ,Дайонг,500000
956, ,Шаньчэн,500000
957, ,Синьдянь,500000
958, ,Чайгубу,500000
959, ,Цзинчжоу,500000
960, ,Чжуолу,500000
961, ,Ланьси,500000
962, ,Лункукунь,500000
963, ,Кешан,500000
964, ,Байлунцяокунь,500000
965, ,Вэньпин,500000
966, ,Наньфэнцунь,500000
967, ,Цзиньша,500000
968, ,Иньин,500000
969, ,Байцюань,500000
970, ,Гучжоу,500000
971, ,Панань,500000
972, ,Лунтанвань,500000
973, ,Чжангу,500000
974, ,Цинцюань,500000
975, ,Юэшаньвань,500000
976, ,Шанчуанькоу,500000
977, ,Жунчэн,500000
978, ,Хуэйши,500000
979, ,Итиаошань,500000
980, ,Люхэ,500000
981, ,Юннаньи,500000
982, ,Линдонг,500000
983, ,Янхэ,500000
984, ,Чэнцзяо Чэнгуаньчжэнь,500000
985, ,Луншань,500000
986, ,Шашиджие,500000
987, ,Юйцюань,500000
988, ,Хуацзин,500000
989, ,Вангечжуан,500000
990, ,Лушар,500000
991, ,Караках,500000
992, ,Вэйюань,500000
993, ,Гуанпин,500000
994, ,Хуцюань,500000
995, ,Цзаньхуан,500000
996, ,Каркан,500000
997, ,Сяньтанцунь,500000
998, ,Сецяокунь,500000
999, ,Сибан,500000
1000, ,Сангзиши,500000
1001, ,Лечанг,500000
1002, ,Цинган,500000
1003, ,Канбао,500000
1004, ,Янцинцунь,500000
1005, ,Линшоу,500000
1006, ,Гусан,500000
1007, ,Вэньсицунь,500000
1008, ,Шантанцунь,500000
1009, ,Сихушань,500000
1010, ,Юнбэй,500000
1011, ,Цзэнцяо,500000
1012, ,Ксилуоду,500000
1013, ,Синьминь,500000
1014, ,Мейуакунь,500000
1015, ,Шихе,500000
1016, ,Юнъян,500000
1017, ,Исухэ,500000
1018, ,Сглазить,500000
1019, ,Суйфэньхэ,500000
1020, ,Дункунь,500000
1021, ,Хуацзян,500000
1022, ,Ляньчжуанцунь,500000
1023, ,Ванчжуан,500000
1024, ,Чжоуцзяцзин,500000
1025, ,Ганьнан,500000
1026, ,Сикэн,500000
1027, ,Уян,500000
1028, ,Маэрканг,500000
1029, ,Тяньнинцунь,500000
1030, ,Ляньнонг,500000
1031, ,Ляньтанцунь,500000
1032, ,Цзэнцунь,500000
1033, ,Сукун,500000
1034, ,Наньцзян,500000
1035, ,Суйленг,500000
1036, ,Сечжоу,500000
1037, ,Гэнчжуанцяокунь,500000
1038, ,Янгуаньцунь,500000
1039, ,Хуаниу,500000
1040, ,Цяньу,500000
1041, ,Тешаньси,500000
1042, ,Мали,500000
1043, ,Пинъань,500000
1044, ,Хуайсянцунь,500000
1045, ,Чини,500000
1046, ,Бяньян,500000
1047, ,Лунсин,500000
1048, ,Цуйчжуанцзы,500000
1049, ,Лангтанг,500000
1050, ,Лунмэнь,500000
1051, ,Чанлин,500000
1052, ,Навукун,500000
1053, ,Силианкун,500000
1054, ,Юнцин,500000
1055, ,Нансан,500000
1056, ,Синьцин,500000
1057, ,Вангуаньчжуан Сыкунь,500000
1058, ,Ухуан,500000
1059, ,Сунцзянцунь,500000
1060, ,Чайу,500000
1061, ,Цзиньчан,500000
1062, ,Цаоцзя,500000
1063, ,Шидонг,500000
1064, ,Шидунцунь,500000
1065, ,Цзихун,500000
1066, ,Хуншаньдянь,500000
1067, ,Янмей,500000
1068, ,Цингань,500000
1069, ,Дуншэн,500000
1070, ,Синьчэн,500000
1071, ,Синчэн,500000
1072, ,Яочжуанцунь,500000
1073, ,Чжанцзячжуан,500000
1074, ,Чжанцзячжуанцунь,500000
1075, ,Кабка,500000
1076, ,Бамей,500000
1077, ,Ленгкуанкунь,500000
1078, ,Мэнмэн,500000
1079, ,Ванцзячжай,500000
1080, ,Хуазанси,500000
1081, ,Шименкунь,500000
1082, ,Хуайян,500000
1083, ,Юфанцунь,500000
1084, ,Циньхэ,500000
1085, ,Гутао,500000
1086, ,Сяян,500000
1087, ,Дунсишань,500000
1088, ,Сячжай,500000
1089, ,Цзишангья,500000
1090, ,Шанькоу,500000
1091, ,Туодянь,500000
1092, ,Фанцунь,500000
1093, ,Байчэн,500000
1094, ,Юнъань,500000
1095, ,Гочжэнь,500000
1096, ,Дунчжан,500000
1097, ,Люцзяся,500000
1098, ,Цзяшичжуанцунь,500000
1099, ,Дуншань,500000
1100, ,Куликун,500000
1101, ,Лютуанькунь,500000
1102, ,Сантангпай,500000
1103, ,Юнпин,500000
1104, ,Йецун,500000
1105, ,Гаочэн,500000
1106, ,Люху,500000
1107, ,Чжунтаньин,500000
1108, ,Цинъюань,500000
1109, ,Дахутан,500000
1110, ,Люлин,500000
1111, ,Джитайкун,500000
1112, ,Наньчжуанчжэнь,500000
1113, ,Яшан,500000
1114, ,Дасян,500000
1115, ,Доннаньянфа,500000
1116, ,Вангтан,500000
1117, ,Шименжай,500000
1118, ,Цуйхуа,500000
1119, ,Чжунчжай,500000
1120, ,Хуэйлунцунь,500000
1121, ,Хэсиву,500000
1122, ,Аньшань,500000
1123, ,Донгсу,500000
1124, ,Чанчун,500000
1125, ,Шангпа,500000
1126, ,Тандукоу,500000
1127, ,Цяньцзян Шецюй,500000
1128, ,Кайгуантун,500000
1129, ,Байджи,500000
1130, ,Бинмэй,500000
1131, ,Хеко,500000
1132, ,Шаншань,500000
1133, ,Шачжоу,500000
1134, ,Синьцзи,500000
1135, ,Люкуанкунь,500000
1136, ,Яопу,500000
1137, ,Танцзякунь,500000
1138, ,Яоцюань,500000
1139, ,Хоубу,500000
1140, ,Бэйгангва,500000
1141, ,Чангтушан,500000
1142, ,Дайцзячжуан,500000
1143, ,Юйчэнцунь,500000
1144, ,Синьцзюнь,500000
1145, ,Джинку,500000
1146, ,Чжэсян,500000
1147, ,Ютяньцунь,500000
1148, ,Сиуачи,500000
1149, ,Шаньшань,500000
1150, ,Чжанлянцунь,500000
1151, ,Хутуби,500000
1152, ,Наньдунцунь,500000
1153, ,Нандачжан,500000
1154, ,Чжанцунь,500000
1155, ,Лунтушан Цзецзы,500000
1156, ,Мэндонг,500000
1157, ,Шуйлоу,500000
1158, ,Луфан,500000
1159, ,Байруо,500000
1160, ,Сидианкунь,500000
1161, ,Шэньцзятунь,500000
1162, ,Мачанг,500000
1163, ,Лянтан,500000
1164, ,Ванъюаньцяо,500000
1165, ,Сунгуацзянцунь,500000
1166, ,Линцюань,500000
1167, ,Чжуцзякунь,500000
1168, ,Янцунзай,500000
1169, ,Инген,500000
1170, ,Дакун,500000
1171, ,Литянь Гэчжуан,500000
1172, ,Танся,500000
1173, ,Дунъянши,500000
1174, ,Шэнгаокунь,500000
1175, ,Донлуокунь,500000
1176, ,Хунфэнцунь,500000
1177, ,Лицзясян,500000
1178, ,Инчжоу Линьчан,500000
1179, ,Аньюань,500000
1180, ,Байчиган,500000
1181, ,Шанхэ,500000
1182, ,Янтансюй,500000
1183, ,Ятанцунь,500000
1184, ,Тайчэн,500000
1185, ,Орокен Зижики,500000
1186, ,Лунтанг,500000
1187, ,Менган,500000
1188, ,Алашанькоу,500000
1189, ,Лишаокунь,500000
1190, ,Ян,500000
1191, ,Чжунбай,500000
1192, ,Сиса,500000
1193, ,Хуанхуацзе,500000
1194, ,Цзяозишань,500000
1195, ,Санцзян,500000
1196, ,Танпинцунь,500000
1197, ,Хуанжэнь,500000
1198, ,Нунчжанцзе,500000
1199, ,Янфан,500000
1200, ,Хуанъютан,500000
1201, ,Чанчуньпу,500000
1202, ,Сиванцзы,500000
1203, ,Тяньчан,500000
1204, ,Сунгандянкунь,500000
1205, ,Ланьи,500000
1206, ,Шицзячжуаннань,500000
1207, ,Цяотоуи,500000
1208, ,Сягуаньин,500000
1209, ,Баян,500000
1210, ,Чуанцзянь,500000
1211, ,Сиянг,500000
1212, ,Менгли,500000
1213, ,Чжундун Шецюй,500000
1214, ,Дэнтанцунь,500000
1215, ,Ямен,500000
1216, ,Санчахе,500000
1217, ,Яньци,500000
1218, ,Баочэн,500000
1219, ,Шиджи,500000
1220, ,Фэнгуанцунь,500000
1221, ,Даджикунь,500000
1222, ,Джелилюзи,500000
1223, ,Вангсикун,500000
1224, ,Тунзи,500000
1225, ,Байши Айрикекун,500000
1226, ,Наньшуйцунь,500000
1227, ,Шакси,500000
1228, ,Шэнли,500000
1229, ,Пинсянчэн,500000
1230, ,Цзоцзяву,500000
1231, ,Эликску,500000
1232, ,Вангтуань,500000
1233, ,Синпо,500000
1234, ,Улан Хуа,500000
1235, ,Матан,500000
1236, ,Дабуту,500000
1237, ,Байшань,500000
1238, ,Буликун,500000
1239, ,Хаомэнь,500000
1240, ,Данихе,500000
1241, ,Акетао,500000
1242, ,Яньдянь,500000
1243, ,Бейя,500000
1244, ,Йеджитуо,500000
1245, ,Пиншан,500000
1246, ,Яншува,500000
1247, ,Дайюэ,500000
1248, ,Таочжоу,500000
1249, ,Жентан,500000
1250, ,Шанчжуанцунь,500000
1251, ,Баохэчжуанцунь,500000
1252, ,Дама,500000
1253, ,Цзешанг,500000
1254, ,Тилинчжай,500000
1255, ,Маоцзятанг,500000
1256, ,Цанси,500000
1257, ,Шэньцзябан,500000
1258, ,Шанцайюань,500000
1259, ,Чжуцзечжэнь,500000
1260, ,Чжанцзыин,500000
1261, ,Янцюань,500000
1262, ,Шанчжэнь,500000
1263, ,Ихэчжуан,500000
1264, ,Чжанчжэнцяо,500000
1265, ,Лисинкунь,500000
1266, ,Датанг,500000
1267, ,Пинтан,500000
1268, ,Цинъян,500000
1269, ,Пуцяньцунь,500000
1270, ,Жегаожен,500000
1271, ,Пейзиват,500000
1272, ,Гайинг,500000
1273, ,Чжайтанцунь,500000
1274, ,Чаодункунь,500000
1275, ,Синьчжанцунь,500000
1276, ,Текес,500000
1277, ,Сяотанчжуан,500000
1278, ,Лианмукин Канкун,500000
1279, ,Цишан,500000
1280, ,Синьчэн,500000
1281, ,Джиши,500000
1282, ,Лукситун,500000
1283, ,Шалингзиджун,500000
1284, ,Ренкун,500000
1285, ,Шалюхэ,500000
1286, ,Сяодянь,500000
1287, ,Чжаньцзя,500000
1288, ,Байян,500000
1289, ,Иньчэнпу,500000
1290, ,Фучэн,500000
1291, ,Янкоу,500000
1292, ,Цзаоцзяо,500000
1293, ,Хангда,500000
1294, ,Шилоу,500000
1295, ,Юванцзе,500000
1296, ,Нилка,500000
1297, ,Дунгу,500000
1298, ,Чжаоюй,500000
1299, ,Джиминг,500000
1300, ,Шэньвань,500000
1301, ,Шентанг,500000
1302, ,Вэньсянь Чэнгуаньчжэнь,500000
1303, ,Танмэнь,500000
1304, ,Дуаньшань,500000
1305, ,Бэйдаин,500000
1306, ,Инъянцунь,500000
1307, ,Хуансикунь,500000
1308, ,Дашао,500000
1309, ,Ванхун Идуй,500000
1310, ,Андингкунь,500000
1311, ,Таочжуанцунь,500000
1312, ,Фэнжэньсюй,500000
1313, ,Синпо,500000
1314, ,Чжадао,500000
1315, ,Дахеба,500000
1316, ,Уюань,500000
1317, ,Конгефу,500000
1318, ,Ляоцзяюань,500000
1319, ,Сяба,500000
1320, ,Шибанкун,500000
1321, ,Шетанг,500000
1322, ,Хэншуйцунь,500000
1323, ,Юнъанькунь,500000
1324, ,Иншоуинцзы,500000
1325, ,Токсун,500000
1326, ,Синьминь,500000
1327, ,Мандуншань,500000
1328, ,Машан,500000
1329, ,Нанао,500000
1330, ,Донгюя,500000
1331, ,Дуаньчжуан,500000
1332, ,Яншулин,500000
1333, ,Гуотан,500000
1334, ,Бенхао,500000
1335, ,Шуантянь,500000
1336, ,Сяобази,500000
1337, ,Чжунванчжуан,500000
1338, ,Шицяо,500000
1339, ,Матуин,500000
1340, ,Дучжуан,500000
1341, ,Пиндэн,500000
1342, ,Чжунхэчан,500000
1343, ,Танглу,500000
1344, ,Тантукан,500000
1345, ,Чахе,500000
1346, ,Лаоаоба,500000
1347, ,Шанглуху,500000
1348, ,Чжунтай,500000
1349, ,Жайлуо,500000
1350, ,Байшалинг,500000
1351, ,Цяньсюцунь,500000
1352, ,Толи,500000
1353, ,Хуанхуацзин,500000
1354, ,Хэшанькунь,500000
1355, ,Гума,500000
1356, ,Гаотан,500000
1357, ,Цюйцзинпу,500000
1358, ,Цяньшаньхун Нунчанг,500000
1359, ,Цзяосилин,500000
1360, ,Янюхэ,500000
1361, ,Учтурпан,500000
1362, ,Габасумдо,500000
1363, ,Шуйдинг,500000
1364, ,Нючанцяо,500000
1365, ,Цзунди,500000
1366, ,Лонгтан,500000
1367, ,Шатянькунь,500000
1368, ,Шилан,500000
1369, ,Лаоцзецзы,500000
1370, ,Нарат,500000
1371, ,Вэнтяньцунь,500000
1372, ,Вангтанг,500000
1373, ,Тунъяндао,500000
1374, ,Токсу,500000
1375, ,Кеду,500000
1376, ,Сихекун,500000
1377, ,Боао,500000
1378, ,Чжуншань,500000
1379, ,Хайян,500000
1380, ,Лишанпу,500000
1381, ,Люгукун,500000
1382, ,Зуиту,500000
1383, ,Сима,500000
1384, ,Шансяо,500000
1385, ,Чуаньляокунь,500000
1386, ,Циншань,500000
1387, ,Синьцунь,500000
1388, ,Лангду,500000
1389, ,Чинджу,500000
1390, ,Юаньянчжэнь,500000
1391, ,Чжайцунь,500000
1392, ,Ганьцзин,500000
1393, ,Люшуцюань,500000
1394, ,Шуанхэ,500000
1395, ,Дунфэн,500000
1396, ,Тяньинцунь,500000
1397, ,Дэнцзячжуан,500000
1398, ,Чуйматан,500000
1399, ,Бангжа,500000
1400, ,Маджиадианкун,500000
1401, ,Гаоя,500000
1402, ,Гунлан,500000
1403, ,Хаопин,500000
1404, ,Сишань,500000
1405, ,Иньяджия,500000
1406, ,Наньпинцунь,500000
1407, ,Жуталинг,500000
1408, ,Малангуан,500000
1409, ,Хайвэй,500000
1410, ,Цийинг,500000
1411, ,Чжунцунь,500000
1412, ,Яньян,500000
1413, ,Фенгрунцунь,500000
1414, ,Умаингцунь,500000
1415, ,Япкан,500000
1416, ,Ланьлин,500000
1417, ,Ючжан,500000
1418, ,Далупо,500000
1419, ,Уцзяин,500000
1420, ,Лянву,500000
1421, ,Бейфан,500000
1422, ,Женбейбу,500000
1423, ,Шитан,500000
1424, ,Дунгангли,500000
1425, ,Дунсяочжай,500000
1426, ,Ханерик,500000
1427, ,Синьсин,500000
1428, ,Цяньванцунь,500000
1429, ,Чжучанба,500000
1430, ,Чжаншаньин,500000
1431, ,Ганжу,500000
1432, ,Цяомайчуань,500000
1433, ,Пинтан,500000
1434, ,Люшуй,500000
1435, ,Танцунь,500000
1436, ,Хуэйлунпин,500000
1437, ,Лихэ,500000
1438, ,Джурх,500000
1439, ,Дуншэн,500000
1440, ,Гаоцзяинцунь,500000
1441, ,Хох Эрег,500000
1442, ,Дасунгежуан,500000
1443, ,Сяоцзянцунь,500000
1444, ,Сяпин,500000
1445, ,Суонан,500000
1446, ,Цзешанг,500000
1447, ,Бажаиемикун,500000
1448, ,Сюньцзянси,500000
1449, ,Нейхуджай,500000
1450, ,Муцзяю,500000
1451, ,Шилинг,500000
1452, ,Синган,500000
1453, ,Гегу,500000
1454, ,Чжаолин,500000
1455, ,Манлин,500000
1456, ,Лабуленг,500000
1457, ,Хуайбайцзе,500000
1458, ,Улунпу,500000
1459, ,Синьси,500000
1460, ,Яншанбу,500000
1461, ,Шаоми,500000
1462, ,Бэйсинчжуан,500000
1463, ,Наньянцунь,500000
1464, ,Юлий,500000
1465, ,празднование Первого мая,500000
1466, ,Чжэнтунь,500000
1467, ,Тайшитункунь,500000
1468, ,Гунхэ,500000
1469, ,Даксин,500000
1470, ,Чжукаоин,500000
1471, ,Чанкоу,500000
1472, ,Хуанчжай,500000
1473, ,Цзянди,500000
1474, ,Пинтань,500000
1475, ,Капкал,500000
1476, ,Цаоцзячуань,500000
1477, ,Донгта,500000
1478, ,Цзичжуан,500000
1479, ,Банбишанькунь,500000
1480, ,Аошанг,500000
1481, ,Тунчжоу,500000
1482, ,Лихучжуан,500000
1483, ,Яоцзячжуанцунь,500000
1484, ,Яоцзяфэнь,500000
1485, ,Синьчжай,500000
1486, ,Тонганьи,500000
1487, ,Байи,500000
1488, ,Юганнинг,500000
1489, ,Егайнин,500000
1490, ,Цзянцзядун,500000
1491, ,Цяэрбагекунь,500000
1492, ,Ханча,500000
1493, ,Синнонгцунь,500000
1494, ,Фэнцзя,500000
1495, ,Дабаози,500000
1496, ,Аган,500000
1497, ,Байхэцяо,500000
1498, ,Санхэ,500000
1499, ,Хэсян,500000
1500, ,Ханмайингкунь,500000
1501, ,Манбэнтанг,500000
1502, ,Каган Ус,500000
1503, ,Гандуджие,500000
1504, ,Дунгу,500000
1505, ,Лунбанцунь,500000
1506, ,Янпин,500000
1507, ,Чжанцзячжуан,500000
1508, ,Гудинг,500000
1509, ,Дигуапо,500000
1510, ,Цзянцзехэ,500000
1511, ,Саньцзяньсян,500000
1512, ,Юаньцунь,500000
1513, ,Чжаодяньцзы,500000
1514, ,Синганли,500000
1515, ,Менгдан,500000
1516, ,Хуншуй,500000
1517, ,Гуантианкан,500000
1518, ,Юаньхуцунь,500000
1519, ,Люлян,500000
1520, ,Доцзин,500000
1521, ,Люгуан,500000
1522, ,Хоксут,500000
1523, ,Хушихакун,500000
1524, ,Сихуанцунь,500000
1525, ,Хэйшаньцзюйкунь,500000
1526, ,Хэйшуйкенг,500000
1527, ,Танбянь,500000
1528, ,Магитанг,500000
1529, ,Зеронг,500000
1530, ,Тазишан,500000
1531, ,Лэцзянсян,500000
1532, ,Каовотан,500000
1533, ,Цитай,500000
1534, ,Синьхуа,500000
1535, ,Хала,500000
1536, ,Люма,500000
1537, ,Минцзюцзе,500000
1538, ,Шаоган,500000
1539, ,Гуаньчжай,500000
1540, ,Чжаншицунь,500000
1541, ,Лунцзя,500000
1542, ,Санпайкун,500000
1543, ,Синьтянь,500000
1544, ,Шаоюй,500000
1545, ,Шуанлуань,500000
1546, ,Шайинг,500000
1547, ,Цише,500000
1548, ,Канвужен,500000
1549, ,Матигу,500000
1550, ,Юаньцюань,500000
1551, ,Гаонян,500000
1552, ,Мэнцзякунь,500000
1553, ,Люлин,500000
1554, ,Эрджи,500000
1555, ,Мяоцзяпин,500000
1556, ,Минцюань,500000
1557, ,Динцзягоусян,500000
1558, ,Лунцзя,500000
1559, ,Чжунгуюэ,500000
1560, ,Чедаопо,500000
1561, ,Цюаньчжан,500000
1562, ,Шанцзин,500000
1563, ,Шанлинцунь,500000
1564, ,Дуйцзян,500000
1565, ,Чжоуцзя,500000
1566, ,Дицзясуосян,500000
1567, ,Бакешиингцунь,500000
1568, ,Синьтанцунь,500000
1569, ,Синьин,500000
1570, ,Янгечжуан,500000
1571, ,Лючуань,500000
1572, ,Люгоюй,500000
1573, ,Лонге,500000
1574, ,Далейн Хоб,500000
1575, ,Дажангзицун,500000
1576, ,Дачжанцзы,500000
1577, ,Мицяо,500000
1578, ,Синьчжуанчжэнь,500000
1579, ,Дунцзяншуй,500000
1580, ,Фуин,500000
1581, ,Фуйингзикунь,500000
1582, ,Зеку,500000
1583, ,Сяолунтань,500000
1584, ,Синьюань,500000
1585, ,Вэньтан,500000
1586, ,Лянъи,500000
1587, ,Лангрукун,500000
1588, ,Цзиньцзюнь,500000
1589, ,Джинджи,500000
1590, ,Луфэн,500000
1591, ,Чжунцзай,500000
1592, ,Таохунпожен,500000
1593, ,Байпиншань,500000
1594, ,Чанцзи,500000
1595, ,Бикоу,500000
1596, ,Лунчан,500000
1597, ,Юньшань,500000
1598, ,Сянцзяба,500000
1599, ,Чаона,500000
1600, ,Чингил,500000
1601, ,Далачи,500000
1602, ,Яоцзя,500000
1603, ,Лунджи,500000
1604, ,Денгка,500000
1605, ,Дианга,500000
1606, ,Хунси,500000
1607, ,Сяцяотоу,500000
1608, ,Лучжоу,500000
1609, ,Сяочжэнчжуан,500000
1610, ,Сисюцунь,500000
1611, ,Хэдунцунь,500000
1612, ,Вэньу,500000
1613, ,Ченлу,500000
1614, ,Цзяоцзячжуан,500000
1615, ,Мангу,500000
1616, ,Даланпин,500000
1617, ,Мачанг,500000
1618, ,Банкяо,500000
1619, ,Байченг,500000
1620, ,Андикун,500000
1621, ,Дэншанцунь,500000
1622, ,Шангтянба,500000
1623, ,Хумаингкунь,500000
1624, ,Сянюньцунь,500000
1625, ,Маджиагуша,500000
1626, ,Сихуани,500000
1627, ,Ут Булаг,500000
1628, ,Иньхуа,500000
1629, ,Хучуань,500000
1630, ,Бэйчжоу,500000
1631, ,Цюаньанькунь,500000
1632, ,Цяоян,500000
1633, ,Джинта,500000
1634, ,Вэйчжоу,500000
1635, ,Шуйчекун,500000
1636, ,Шимуби,500000
1637, ,Хуасуо,500000
1638, ,Джун Бел,500000
1639, ,Гуандуцяо,500000
1640, ,Яньхэван,500000
1641, ,Ванцзясян,500000
1642, ,Маджия,500000
1643, ,Цзяосякоу,500000
1644, ,Яньшуйгуань,500000
1645, ,Улун,500000
1646, ,Санцзян Нонгчан,500000
1647, ,Лакукун,500000
1648, ,Тайён,500000
1649, ,Чумпак,500000
1650, ,Бэйвусидуй,500000
1651, ,Чжипинсян,500000
1652, ,Пинъаньбао,500000
1653, ,Хуанъядун,500000
1654, ,Цзиньминси,500000
1655, ,Чаояндицунь,500000
1656, ,Ширег,500000
1657, ,Манга,500000
1658, ,Юнконг,500000
1659, ,Цинсикунь,500000
1660, ,Шанпин,500000
1661, ,Ганьси,500000
1662, ,Сунджиаян,500000
1663, ,Кайвен,500000
1664, ,Цигесинцунь,500000
1665, ,Бугугукун,500000
1666, ,Лянваньцунь,500000
1667, ,Дамайшань,500000
1668, ,Сею,500000
1669, ,Махао,500000
1670, ,Хугуань Нунчанг,500000
1671, ,Кадзи,500000
1672, ,Шаньиньцунь,500000
1673, ,Пинтяньцунь,500000
1674, ,Шиван,500000
1675, ,Фэндэн,500000
1676, ,Таши,500000
1677, ,Чжунлин,500000
1678, ,Хунгу,500000
1679, ,Лучонг,500000
1680, ,Киаотуба,500000
1681, ,Дунъюаньцунь,500000
1682, ,Цзюдухе,500000
1683, ,Сяпин,500000
1684, ,Наньчжай,500000
1685, ,Решуйцзе,500000
1686, ,Синьинхэянь,500000
1687, ,Шичуаньсян,500000
1688, ,Хуодушаньцунь,500000
1689, ,Синбокунь,500000
1690, ,Синьчанцунь,500000
1691, ,Маку,500000
1692, ,Шуансяньсян,500000
1693, ,Сюшуйцунь,500000
1694, ,Люба,500000
1695, ,Лахия,500000
1696, ,Басяншань,500000
1697, ,Эрбаокун,500000
1698, ,Цзяцзинь,500000
1699, ,Ахеки,500000
1700, ,Хуаньань,500000
1701, ,Баохэ,500000
1702, ,блуждающий,500000
1703, ,Юйсягуань,500000
1704, ,Синьчэн,500000
1705, ,Мангпа,500000
1706, ,Мупинг,500000
1707, ,Бацзяо,500000
1708, ,Дяоэкун,500000
1709, ,Шуйнанкунь,500000
1710, ,Сяоба,500000
1711, ,Хэцзяджи,500000
1712, ,Лиджиача,500000
1713, ,Каотан,500000
1714, ,Санцзяочэн,500000
1715, ,Байлин,500000
1716, ,Гучэн,500000
1717, ,Улиншаньцунь,500000
1718, ,Вэньаньи,500000
1719, ,Лунтайсян,500000
1720, ,Аба,500000
1721, ,Ванцзябянь,500000
1722, ,Маву,500000
1723, ,Синьяошан,500000
1724, ,Жамог,500000
1725, ,Пинча,500000
1726, ,Маай,500000
1727, ,Пинтушуаньсян,500000
1728, ,Синьтяньфэн,500000
1729, ,Медог,500000
1730, ,Гуантинчжан,500000
1731, ,Санцзянкоу,500000
1732, ,Гаохуцунь,500000
1733, ,Сяозуй,500000
1734, ,Чукунг,500000
1735, ,Бангшан,500000
1736, ,Куйибагекун,500000
1737, ,Шенджиаба,500000
1738, ,Хайкукунь,500000
1739, ,Цюшаньсян,500000
1740, ,Каннин,500000
1741, ,Лишупинг,500000
1742, ,Фэнгелинг,500000
1743, ,Тангему Нонгчан,500000
1744, ,Бяньданьшань,500000
1745, ,Наньфанг,500000
1746, ,Фаньчжао,500000
1747, ,Чжэндун,500000
1748, ,Хунлювань,500000
1749, ,Шэнпин,500000
1750, ,Гар,500000
1751, ,Зикетан,500000
1752, ,Юэяцюань,500000
1753, ,Гаолинцунь,500000
1754, ,Дуцзясигоу,500000
1755, ,Донгча,500000
1756, ,Руцян,500000
1757, ,Цзисянь,500000
1758, ,Данчэн,500000
1759, ,Синьцунь,500000
1760, ,Сиба,500000
1761, ,Цзэнцзяба,500000
1762, ,Авейтанкун,500000
1763, ,Шиюань,500000
1764, ,Сяда,500000
1765, ,Пагкен,500000
1766, ,Цзинцзячжуан,500000
1767, ,Чжанпин,500000
1768, ,Даченгзицунь,500000
1769, ,Бенбутукун,500000
1770, ,Ежи,500000
1771, ,Балунтайкун,500000
1772, ,Лейчи,500000
1773, ,Сянпин,500000
1774, ,Дачжуанцзы,500000
1775, ,Нанмукун,500000
1776, ,Дашупин,500000
1777, ,Дапинг,500000
1778, ,Наньчжанчэн,500000
1779, ,Гюмай,500000
1780, ,Дигар,500000
1781, ,Бифэн,500000
1782, ,Хунтулян,500000
1783, ,Чжуцзягуа,500000
1784, ,Хейин,500000
1785, ,Гянгзе,500000
1786, ,Цзиньчжун,500000
1787, ,Фулин,500000
1788, ,Линьси,500000
1789, ,Паниинг,500000
1790, ,Чэндэ,500000
1791, ,Наньянцунь,500000
1792, ,Хуэйнань,500000
1793, ,Алматы,1150000
1794, ,Шымкент,1150000
1795, ,Астана,1150000
1796, ,Караганда,1150000
1797, ,Усть-Каменогорск,1150000
1798, ,Актобе,1150000
1799, ,Тараз,1150000
1800, ,Семей,1150000
1801, ,Павлодар,1150000
1802, ,Туркестан,1150000
1803, ,Кызылорда,1150000
1804, ,Оральный,1150000
1805, ,Костанай,1150000
1806, ,Петропавловск,1150000
1807, ,Темиртау,1150000
1808, ,Актау,1150000
1809, ,Кокшетау,1150000
1810, ,Экибастуз,1150000
1811, ,Жангаозен,1150000
1812, ,Атырау,1150000
1813, ,Талдыкорган,1150000
1814, ,Рудный,1150000
1815, ,Жезказган,1150000
1816, ,Кентау,1150000
1817, ,Балхаш,1150000
1818, ,Аксу,1150000
1819, ,Сатбаев,1150000
1820, ,Капчагай,1150000
1821, ,Каскеленг,1150000
1822, ,Риддер,1150000
1823, ,Зыряновск,1150000
1824, ,Талгар,1150000
1825, ,Степногорск,1150000
1826, ,Щучинск,1150000
1827, ,Карабулак,1150000
1828, ,Жаркент,1150000
1829, ,Капшагай,1150000
1830, ,Соран,1150000
1831, ,Аягоз,1150000
1832, ,Арысь,1150000
1833, ,Бейнеу,1150000
1834, ,Байконур,1150000
1835, ,Сарыагаш,1150000
1836, ,Шахтинск,1150000
1837, ,Гульсары,1150000
1838, ,Есик,1150000
1839, ,Жетысай,1150000
1840, ,Шу,1150000
1841, ,Житикара,1150000
1842, ,Аксай,1150000
1843, ,Сайрам,1150000
1844, ,Шиели,1150000
1845, ,Старый Бейнеу,1150000
1846, ,Балыкши,1150000
1847, ,Текели,1150000
1848, ,Узынагаш,1150000
1849, ,Каратау,1150000
1850, ,Арал,1150000
1851, ,Атбасар,1150000
1852, ,Октябрьск,1150000
1853, ,Сортобе,1150000
1854, ,Аркалык,1150000
1855, ,Шалкар,1150000
1856, ,Боралдай,1150000
1857, ,Шелек,1150000
1858, ,Бухта,1150000
1859, ,Ленгир,1150000
1860, ,Уштобе,1150000
1861, ,Сарыкемер,1150000
1862, ,Ойтал,1150000
1863, ,Каражал,1150000
1864, ,Хромтау,1150000
1865, ,Мангистау,1150000
1866, ,Жангатас,1150000
1867, ,Отеген Батыр,1150000
1868, ,Алга,1150000
1869, ,Атасу,1150000
1870, ,Толе Би,1150000
1871, ,Шемонаиха,1150000
1872, ,Жосалы,1150000
1873, ,Урыжар,1150000
1874, ,Шонгжи,1150000
1875, ,Макинск,1150000
1876, ,Карабулак,1150000
1877, ,Ушарал,1150000
1878, ,Байсерке,1150000
1879, ,Макат,1150000
1880, ,Казыкурт,1150000
1881, ,Зайсан,1150000
1882, ,Саркан,1150000
1883, ,Эски Икан,1150000
1884, ,Акколь,1150000
1885, ,Шамалган,1150000
1886, ,Масангши,1150000
1887, ,Шетпе,1150000
1888, ,Индербор,1150000
1889, ,Кулан,1150000
1890, ,Балпык Би,1150000
1891, ,Туздыбастау,1150000
1892, ,Ерейментау,1150000
1893, ,Бауыржан Момышулы,1150000
1894, ,Тайынша,1150000
1895, ,Баянауыл,1150000
1896, ,Жетыбай,1150000
1897, ,Новоишимский,1150000
1898, ,Есиль,1150000
1899, ,Дербисек,1150000
1900, ,Эмба,1150000
1901, ,Бухта,1150000
1902, ,Луговой,1150000
1903, ,Серебрянск,1150000
1904, ,Ленинский,1150000
1905, ,Красный Яр,1150000
1906, ,Карабалык,1150000
1907, ,Акадыр,1150000
1908, ,Саумалколь,1150000
1909, ,Боровской,1150000
1910, ,Шолаккорган,1150000
1911, ,Каркарали,1150000
1912, ,Кеген,1150000
1913, ,Кашир,1150000
1914, ,Махамбет,1150000
1915, ,Аксу,1150000
1916, ,Чапаев,1150000
1917, ,Булаево,1150000
1918, ,Шар,1150000
1919, ,Кусмурын,1150000
1920, ,Осакаровка,1150000
1921, ,Шарбакты,1150000
1922, ,Эртис,1150000
1923, ,Казалы,1150000
1924, ,Байганин,1150000
1925, ,Жанибек,1150000
1926, ,Бестобе,1150000
1927, ,Тобыл,1150000
1928, ,Жолымбет,1150000
1929, ,Кишкенеколь,1150000
1930, ,Державинск,1150000
1931, ,Форт-Шевченко,1150000
1932, ,Торгай,1150000
1933, ,Отар,1150000
1934, ,Сарышаган,1150000
1935, ,Жалтырь,1150000
1936, ,Бурубайтал,1150000
2031, ,Москва,1840000
2032, ,Санкт-Петербург,1840000
2033, ,Новосибирск,1840000
2034, ,Екатеринбург,1840000
2035, ,Казань,1840000
2036, ,Нижний Новгород,1840000
2037, ,Челябинск,1840000
2038, ,Омск,1840000
2039, ,Самара,1840000
2040, ,Ростов,1840000
2041, ,Уфа,1840000
2042, ,Красноярск,1840000
2043, ,Воронеж,1840000
2044, ,Пермь,1840000
2045, ,Волгоград,1840000
2046, ,Краснодар,1840000
2047, ,Тюмень,1840000
2048, ,Саратов,1840000
2049, ,Тольятти,1840000
2050, ,Махачкала,1840000
2051, ,Ижевск,1840000
2052, ,Барнаул,1840000
2053, ,Ульяновск,1840000
2054, ,Иркутск,1840000
2055, ,Хабаровск,1840000
2056, ,Ярославль,1840000
2057, ,Владивосток,1840000
2058, ,Томск,1840000
2059, ,Оренбург,1840000
2060, ,Кемерово,1840000
2061, ,Новокузнецк,1840000
2062, ,Рязань,1840000
2063, ,Набережные Челны,1840000
2064, ,Астрахань,1840000
2065, ,Пенза,1840000
2066, ,Липецк,1840000
2067, ,Киров,1840000
2068, ,Калининград,1840000
2069, ,Чебоксары,1840000
2070, ,Балашиха,1840000
2071, ,Тула,1840000
2072, ,Курск,1840000
2073, ,Ставрополь,1840000
2074, ,Улан-Удэ,1840000
2075, ,Тверь,1840000
2076, ,Магнитогорск,1840000
2077, ,Сочи,1840000
2078, ,Иваново,1840000
2079, ,Брянск,1840000
2080, ,Сургут,1840000
2081, ,Нижний Тагил,1840000
2082, ,Владимир,1840000
2083, ,Архангельск,1840000
2084, ,Чита,1840000
2085, ,Белгород,1840000
2086, ,Калуга,1840000
2087, ,Волжский,1840000
2088, ,Смоленск,1840000
2089, ,Саранск,1840000
2090, ,Череповец,1840000
2091, ,Вологда,1840000
2092, ,Якутск,1840000
2093, ,Курган,1840000
2094, ,Владикавказ,1840000
2095, ,Орел,1840000
2096, ,Подольск,1840000
2097, ,Грозный,1840000
2098, ,Тамбов,1840000
2099, ,Стерлитамак,1840000
2100, ,Нижневартовск,1840000
2101, ,Петрозаводск,1840000
2102, ,Кострома,1840000
2103, ,Новороссийск,1840000
2104, ,Мурманск,1840000
2105, ,Йошкар-Ола,1840000
2106, ,Нальчик,1840000
2107, ,Энгельс,1840000
2108, ,Химки,1840000
2109, ,Таганрог,1840000
2110, ,Комсомольск-на-Амуре,1840000
2111, ,Сыктывкар,1840000
2112, ,Нижнекамск,1840000
2113, ,Шахты,1840000
2114, ,Братск,1840000
2115, ,Дзержинск,1840000
2116, ,Ногинск,1840000
2117, ,Орск,1840000
2118, ,Колпино,1840000
2119, ,Благовещенск,1840000
2120, ,Старый Оскол,1840000
2121, ,Ангарск,1840000
2122, ,Великий Новгород,1840000
2123, ,Королев,1840000
2124, ,Мытищи,1840000
2125, ,Псков,1840000
2126, ,Люберцы,1840000
2127, ,Бийск,1840000
2128, ,Южно-Сахалинск,1840000
2129, ,Армавир,1840000
2130, ,Рыбинск,1840000
2131, ,Прокопьевск,1840000
2132, ,Балаково,1840000
2133, ,Абакан,1840000
2134, ,Норильск,1840000
2135, ,Красногорск,1840000
2136, ,Сызрань,1840000
2137, ,Волгодонск,1840000
2138, ,Уссурийск,1840000
2139, ,Каменск-Уральский,1840000
2140, ,Новочеркасск,1840000
2141, ,Златоуст,1840000
2142, ,Петропавловск-Камчатский,1840000
2143, ,Электросталь,1840000
2144, ,Северодвинск,1840000
2145, ,Альметьевск,1840000
2146, ,Салават,1840000
2147, ,Миасс,1840000
2148, ,Орехово-Борисово Южное,1840000
2149, ,Копейск,1840000
2150, ,Одинцово,1840000
2151, ,Пятигорск,1840000
2152, ,Коломна,1840000
2153, ,Находка,1840000
2154, ,Березники,1840000
2155, ,Хасавюрт,1840000
2156, ,Рубцовск,1840000
2157, ,Майкоп,1840000
2158, ,Ковров,1840000
2159, ,Кисловодск,1840000
2160, ,Нефтеюганск,1840000
2161, ,Домодедово,1840000
2162, ,Нефтекамск,1840000
2163, ,Батайск,1840000
2164, ,Новочебоксарск,1840000
2165, ,Серпухов,1840000
2166, ,Щелково,1840000
2167, ,Новомосковск,1840000
2168, ,Каспийск,1840000
2169, ,Дербент,1840000
2170, ,Первоуральск,1840000
2171, ,Черкесск,1840000
2172, ,Орехово-Зуево,1840000
2173, ,Назрань,1840000
2174, ,Невинномысск,1840000
2175, ,Раменское,1840000
2176, ,Димитровград,1840000
2177, ,Кызыл,1840000
2178, ,Обнинск,1840000
2179, ,Октябрьский,1840000
2180, ,Новый Уренгой,1840000
2181, ,Ессентуки,1840000
2182, ,Камышин,1840000
2183, ,Муром,1840000
2184, ,Долгопрудный,1840000
2185, ,Новошахтинск,1840000
2186, ,Жуковский,1840000
2187, ,Северск,1840000
2188, ,Реутов,1840000
2189, ,Ноябрьск,1840000
2190, ,Артем,1840000
2191, ,Ханты-Мансийск,1840000
2192, ,Пушкино,1840000
2193, ,Ачинск,1840000
2194, ,Сергиев Посад,1840000
2195, ,Елец,1840000
2196, ,Арзамас,1840000
2197, ,Бердск,1840000
2198, ,Элиста,1840000
2199, ,Ногинск,1840000
2200, ,Новокуйбышевск,1840000
2201, ,Железногорск,1840000
2202, ,Зеленодольск,1840000
2203, ,Тобольск,1840000
2204, ,Сарапул,1840000
2205, ,Серов,1840000
2206, ,Воткинск,1840000
2207, ,Ухта,1840000
2208, ,Ленинск-Кузнецкий,1840000
2209, ,Междуреченск,1840000
2210, ,Гатчина,1840000
2211, ,Михайловск,1840000
2212, ,Саров,1840000
2213, ,Мичуринск,1840000
2214, ,Глазов,1840000
2215, ,Магадан,1840000
2216, ,Соликамск,1840000
2217, ,Воскресенск,1840000
2218, ,Великие Луки,1840000
2219, ,Киселевск,1840000
2220, ,Каменск-Шахтинский,1840000
2221, ,Канск,1840000
2222, ,Лобня,1840000
2223, ,Губкин,1840000
2224, ,Новотроицк,1840000
2225, ,Бузулук,1840000
2226, ,Щекино,1840000
2227, ,Бугульма,1840000
2228, ,Дмитров,1840000
2229, ,Кинешма,1840000
2230, ,Железногорск,1840000
2231, ,Ейск,1840000
2232, ,Чайковский,1840000
2233, ,Кузнецк,1840000
2234, ,Усть-Илимск,1840000
2235, ,Юрга,1840000
2236, ,Анапа,1840000
2237, ,Новоуральск,1840000
2238, ,Азов,1840000
2239, ,Клин,1840000
2240, ,Озерск,1840000
2241, ,Кропоткин,1840000
2242, ,Усолье-Сибирское,1840000
2243, ,Воркута,1840000
2244, ,Геленджик,1840000
2245, ,Балашов,1840000
2246, ,Ивантеевка,1840000
2247, ,Анжеро-Судженск,1840000
2248, ,Шадринск,1840000
2249, ,Черногорск,1840000
2250, ,Дубна,1840000
2251, ,Елабуга,1840000
2252, ,Минеральные Воды,1840000
2253, ,Егорьевск,1840000
2254, ,Биробиджан,1840000
2255, ,Новоалтайск,1840000
2256, ,Троицк,1840000
2257, ,Всеволожск,1840000
2258, ,Чапаевск,1840000
2259, ,Белово,1840000
2260, ,Кирово-Чепецк,1840000
2261, ,Выборг,1840000
2262, ,Верхняя Пышма,1840000
2263, ,Чехов,1840000
2264, ,Туймазы,1840000
2265, ,Минусинск,1840000
2266, ,Кстово,1840000
2267, ,Георгиевск,1840000
2268, ,Славянск-на-Кубани,1840000
2269, ,Белогорск,1840000
2270, ,Видное,1840000
2271, ,Ступино,1840000
2272, ,Белорецк,1840000
2273, ,Ишимбай,1840000
2274, ,Кунгур,1840000
2275, ,Заречный,1840000
2276, ,Ишим,1840000
2277, ,Буйнакск,1840000
2278, ,Гуково,1840000
2279, ,Асбест,1840000
2280, ,Донской,1840000
2281, ,Горно-Алтайск,1840000
2282, ,Вольск,1840000
2283, ,Новая Балахна,1840000
2284, ,Клинцы,1840000
2285, ,Россошь,1840000
2286, ,Павловский Посад,1840000
2287, ,Ревда,1840000
2288, ,Лениногорск,1840000
2289, ,Туапсе,1840000
2290, ,Зеленогорск,1840000
2291, ,Наро-Фоминск,1840000
2292, ,Полевской,1840000
2293, ,Котлас,1840000
2294, ,Борисоглебск,1840000
2295, ,Лысьва,1840000
2296, ,Буденновск,1840000
2297, ,Сибай,1840000
2298, ,Фрязино,1840000
2299, ,Белебей,1840000
2300, ,Чистополь,1840000
2301, ,Кумертау,1840000
2302, ,Лабинск,1840000
2303, ,Урус-Мартан,1840000
2304, ,Ржев,1840000
2305, ,Александров,1840000
2306, ,Избербаш,1840000
2307, ,Лыткарино,1840000
2308, ,Нягань,1840000
2309, ,Тихвин,1840000
2310, ,Мелеуз,1840000
2311, ,Алексин,1840000
2312, ,Березовский,1840000
2313, ,Прохладный,1840000
2314, ,Михайловка,1840000
2315, ,Тихорецк,1840000
2316, ,Павлово,1840000
2317, ,Сальск,1840000
2318, ,Краснотурьинск,1840000
2319, ,Крымск,1840000
2320, ,Шуя,1840000
2321, ,Нерюнгри,1840000
2322, ,Искитим,1840000
2323, ,Климовск,1840000
2324, ,Шали,1840000
2325, ,Лесосибирск,1840000
2326, ,Апатиты,1840000
2327, ,Дзержинский,1840000
2328, ,Гусь-Хрустальный,1840000
2329, ,Волжск,1840000
2330, ,Свободный,1840000
2331, ,Краснокамск,1840000
2332, ,Лиски,1840000
2333, ,Жигулёвск,1840000
2334, ,Выкса,1840000
2335, ,Гудермес,1840000
2336, ,Сертолово,1840000
2337, ,Вязьма,1840000
2338, ,Краснокаменск,1840000
2339, ,Белореченск,1840000
2340, ,Тимашевск,1840000
2341, ,Солнечногорск,1840000
2342, ,Узловая,1840000
2343, ,Североморск,1840000
2344, ,Салехард,1840000
2345, ,Снежинск,1840000
2346, ,Кириши,1840000
2347, ,Черемхово,1840000
2348, ,Московский,1840000
2349, ,Боровичи,1840000
2350, ,Рославль,1840000
2351, ,Нововятск,1840000
2352, ,Можга,1840000
2353, ,Кизляр,1840000
2354, ,Бугуруслан,1840000
2355, ,Лесной,1840000
2356, ,Курганинск,1840000
2357, ,Шелехов,1840000
2358, ,Кашира,1840000
2359, ,Донецк,1840000
2360, ,Саяногорск,1840000
2361, ,Кингисепп,1840000
2362, ,Арсеньев,1840000
2363, ,Ливны,1840000
2364, ,Отрадный,1840000
2365, ,Вышний Волочек,1840000
2366, ,Котельники,1840000
2367, ,Заринск,1840000
2368, ,Грязи,1840000
2369, ,Березовский,1840000
2370, ,Мегион,1840000
2371, ,Торжок,1840000
2372, ,Канаш,1840000
2373, ,Назарово,1840000
2374, ,Рузаевка,1840000
2375, ,Аксай,1840000
2376, ,Парма,1840000
2377, ,Надым,1840000
2378, ,Волхов,1840000
2379, ,Кимры,1840000
2380, ,Куйбышев,1840000
2381, ,Ярцево,1840000
2382, ,Рассказово,1840000
2383, ,Чусовой,1840000
2384, ,Радужный,1840000
2385, ,Бирск,1840000
2386, ,Шебекино,1840000
2387, ,Осинники,1840000
2388, ,Моздок,1840000
2389, ,Сафоново,1840000
2390, ,Мончегорск,1840000
2391, ,Кореновск,1840000
2392, ,Кольчугино,1840000
2393, ,Сатка,1840000
2394, ,Краснознаменск,1840000
2395, ,Усть-Кут,1840000
2396, ,Гей,1840000
2397, ,Стрежевой,1840000
2398, ,Верхняя Салда,1840000
2399, ,Карабулак,1840000
2400, ,Мыски,1840000
2401, ,Темрюк,1840000
2402, ,Спасск-Дальний,1840000
2403, ,Пыть-Ях,1840000
2404, ,Пугачев,1840000
2405, ,Печора,1840000
2406, ,Урай,1840000
2407, ,Советск,1840000
2408, ,Сосновоборск,1840000
2409, ,Чебаркуль,1840000
2410, ,Заинск,1840000
2411, ,Камень-на-Оби,1840000
2412, ,Белая Калитва,1840000
2413, ,Тутаев,1840000
2414, ,Амурск,1840000
2415, ,Ялуторовск,1840000
2416, ,Апшеронск,1840000
2417, ,Новозыбков,1840000
2418, ,Тулун,1840000
2419, ,Абинск,1840000
2420, ,Моршанск,1840000
2421, ,Елизово,1840000
2422, ,Ртищево,1840000
2423, ,Качканар,1840000
2424, ,Саянск,1840000
2425, ,Переславль-Залесский,1840000
2426, ,Мариинск,1840000
2427, ,Конаково,1840000
2428, ,Новодвинск,1840000
2429, ,Красноуфимск,1840000
2430, ,Усинск,1840000
2431, ,Мценск,1840000
2432, ,Курчатов,1840000
2433, ,Алексеевка,1840000
2434, ,Красный Сулин,1840000
2435, ,Заволжье,1840000
2436, ,Баксан,1840000
2437, ,Большой Камень,1840000
2438, ,Изобильный,1840000
2439, ,Южноуральск,1840000
2440, ,Учалы,1840000
2441, ,Урюпинск,1840000
2442, ,Ахтубинск,1840000
2443, ,Дальнегорск,1840000
2444, ,Тосно,1840000
2445, ,Горячий Ключ,1840000
2446, ,Малгобек,1840000
2447, ,Югорск,1840000
2448, ,Аргун,1840000
2449, ,Алапаевск,1840000
2450, ,Кизилюрт,1840000
2451, ,Реж,1840000
2452, ,Лесозаводск,1840000
2453, ,Беслан,1840000
2454, ,Кыштым,1840000
2455, ,Ирбит,1840000
2456, ,Сокол,1840000
2457, ,Боярка,1840000
2458, ,Каменка,1840000
2459, ,Черняховск,1840000
2460, ,Людиново,1840000
2461, ,Вязники,1840000
2462, ,Протвино,1840000
2463, ,Светлоград,1840000
2464, ,Кинель,1840000
2465, ,Фролово,1840000
2466, ,Миллерово,1840000
2467, ,Мирный,1840000
2468, ,Ефремов,1840000
2469, ,Благовещенск,1840000
2470, ,Луга,1840000
2471, ,Азнакаево,1840000
2472, ,Алатырь,1840000
2473, ,Зеленокумск,1840000
2474, ,Коркино,1840000
2475, ,Коряжма,1840000
2476, ,Вичуга,1840000
2477, ,Гулькевичи,1840000
2478, ,Валуйки,1840000
2479, ,Шарыпово,1840000
2480, ,Корсаков,1840000
2481, ,Нижнеудинск,1840000
2482, ,Богородск,1840000
2483, ,Сухой Лог,1840000
2484, ,Тайшет,1840000
2485, ,Тавда,1840000
2486, ,Балтийск,1840000
2487, ,Шатура,1840000
2488, ,Фурманов,1840000
2489, ,Партизанск,1840000
2490, ,Тында,1840000
2491, ,Чернушка,1840000
2492, ,Слободской,1840000
2493, ,Трехгорный,1840000
2494, ,Нурлат,1840000
2495, ,Добрянка,1840000
2496, ,Истра,1840000
2497, ,Острогожск,1840000
2498, ,Вятские Поляны,1840000
2499, ,Кулебаки,1840000
2500, ,Сланцы,1840000
2501, ,Приморско-Ахтарск,1840000
2502, ,Сердобск,1840000
2503, ,Углич,1840000
2504, ,Великий Устюг,1840000
2505, ,Тейково,1840000
2506, ,Сосногорск,1840000
2507, ,Нововоронеж,1840000
2508, ,Метки,1840000
2509, ,Кудымкар,1840000
2510, ,Кандалакша,1840000
2511, ,Богородицк,1840000
2512, ,Советский,1840000
2513, ,Зима,1840000
2514, ,Дюртюли,1840000
2515, ,Ростов,1840000
2516, ,Нарткала,1840000
2517, ,Благодарный,1840000
2518, ,Усть-Джегута,1840000
2519, ,Кондопога,1840000
2520, ,Касимов,1840000
2521, ,Можайск,1840000
2522, ,Городец,1840000
2523, ,Кохма,1840000
2524, ,Котовск,1840000
2525, ,Славгород,1840000
2526, ,Артемовский,1840000
2527, ,Дедовск,1840000
2528, ,Дагестанские Огни,1840000
2529, ,Аша,1840000
2530, ,Костомукша,1840000
2531, ,Ликино-Дулево,1840000
2532, ,Новая Усмань,1840000
2533, ,Дивногорск,1840000
2534, ,Обь,1840000
2535, ,Богданович,1840000
2536, ,Шумерля,1840000
2537, ,Гагарин,1840000
2538, ,Барабинск,1840000
2539, ,Петровск,1840000
2540, ,Борзя,1840000
2541, ,Карталы,1840000
2542, ,Алейск,1840000
2543, ,Гусев,1840000
2544, ,Похвистнево,1840000
2545, ,Удомля,1840000
2546, ,Тара,1840000
2547, ,Киров,1840000
2548, ,Топки,1840000
2549, ,Десногорск,1840000
2550, ,Еманжелинск,1840000
2551, ,Заречный,1840000
2552, ,Сорочинск,1840000
2553, ,Верхний Уфалей,1840000
2554, ,Холмск,1840000
2555, ,Александровское,1840000
2556, ,Малоярославец,1840000
2557, ,Старая Русса,1840000
2558, ,Мирный,1840000
2559, ,Кушва,1840000
2560, ,Губкинский,1840000
2561, ,Соль-Илецк,1840000
2562, ,Знаменск,1840000
2563, ,Карасук,1840000
2564, ,Майский,1840000
2565, ,Семилуки,1840000
2566, ,Сегежа,1840000
2567, ,Североуральск,1840000
2568, ,Красноармейск,1840000
2569, ,Новоалександровск,1840000
2570, ,Камышлов,1840000
2571, ,Октябрьск,1840000
2572, ,Кировск,1840000
2573, ,Дальнереченск,1840000
2574, ,Киржач,1840000
2575, ,Карпинск,1840000
2576, ,Полысаево,1840000
2577, ,Лабытнанги,1840000
2578, ,Скопин,1840000
2579, ,Новопавловск,1840000
2580, ,Заводоуковск,1840000
2581, ,Кимовск,1840000
2582, ,Киреевск,1840000
2583, ,Курчалой,1840000
2584, ,Отрадное,1840000
2585, ,Балабаново,1840000
2586, ,Инта,1840000
2587, ,Лосино-Петровский,1840000
2588, ,Внуково,1840000
2589, ,Янаул,1840000
2590, ,Озеры,1840000
2591, ,Медногорск,1840000
2592, ,Дятково,1840000
2593, ,Морозовск,1840000
2594, ,Советская Гавань,1840000
2595, ,Аткарск,1840000
2596, ,Кочубеевское,1840000
2597, ,Железноводск,1840000
2598, ,Павловск,1840000
2599, ,Кировск,1840000
2600, ,Нарьян-Мар,1840000
2601, ,Зерноград,1840000
2602, ,Нефтекумск,1840000
2603, ,Строитель,1840000
2604, ,Асино,1840000
2605, ,Бутурлиновка,1840000
2606, ,Семенов,1840000
2607, ,Уварово,1840000
2608, ,Шарья,1840000
2609, ,Родники,1840000
2610, ,Красково,1840000
2611, ,Купить,1840000
2612, ,Кувандык,1840000
2613, ,Татарск,1840000
2614, ,Боготол,1840000
2615, ,Калач-на-Дону,1840000
2616, ,Ипатово,1840000
2617, ,Тайга,1840000
2618, ,Унеча,1840000
2619, ,Давлеканово,1840000
2620, ,Ленск,1840000
2621, ,Железногорск-Илимский,1840000
2622, ,Северобайкальск,1840000
2623, ,Среднеуральск,1840000
2624, ,Ачхой-Мартан,1840000
2625, ,Сасово,1840000
2626, ,Колпашево,1840000
2627, ,Гусиноозерск,1840000
2628, ,Фокино,1840000
2629, ,Красноуральск,1840000
2630, ,Красноармейск,1840000
2631, ,Электрогорск,1840000
2632, ,Исилькуль,1840000
2633, ,Лермонтов,1840000
2634, ,Вельск,1840000
2635, ,Калачинск,1840000
2636, ,Зея,1840000
2637, ,Таштагол,1840000
2638, ,Бронницы,1840000
2639, ,Котельнич,1840000
2640, ,Старая Купавна,1840000
2641, ,Хадыженск,1840000
2642, ,Менделеевск,1840000
2643, ,Звенигород,1840000
2644, ,Никольское,1840000
2645, ,Бавлы,1840000
2646, ,Гурьевск,1840000
2647, ,Невьянск,1840000
2648, ,Коммунар,1840000
2649, ,Семикаракорск,1840000
2650, ,Котово,1840000
2651, ,Вилючинск,1840000
2652, ,Верещагино,1840000
2653, ,Светлый,1840000
2654, ,Ряжск,1840000
2655, ,Палатка,1840000
2656, ,Тарко-Сале,1840000
2657, ,Усть-Катав,1840000
2658, ,Омутнинск,1840000
2659, ,Хотьково,1840000
2660, ,Черноголовка,1840000
2661, ,Лысково,1840000
2662, ,Бологое,1840000
2663, ,Вихоревка,1840000
2664, ,Карачаевск,1840000
2665, ,Тогучин,1840000
2666, ,Сысерть,1840000
2667, ,Пущино,1840000
2668, ,Нижний Ломов,1840000
2669, ,Оса,1840000
2670, ,Буинск,1840000
2671, ,Оленегорск,1840000
2672, ,Куровское,1840000
2673, ,Электроугли,1840000
2674, ,Дугулубгей,1840000
2675, ,Нерехта,1840000
2676, ,Бобров,1840000
2677, ,Алдан,1840000
2678, ,Никольск,1840000
2679, ,Арск,1840000
2680, ,Тырныауз,1840000
2681, ,Козьмодемьянск,1840000
2682, ,Калтан,1840000
2683, ,Остров,1840000
2684, ,Рошаль,1840000
2685, ,Бежецк,1840000
2686, ,Оха,1840000
2687, ,Кяхта,1840000
2688, ,Сергач,1840000
2689, ,Пикалево,1840000
2690, ,Котельниково,1840000
2691, ,Кубинка,1840000
2692, ,Шахуня,1840000
2693, ,Алагир,1840000
2694, ,Цоцин-Юрт,1840000
2695, ,Усман,1840000
2696, ,Нижняя Тура,1840000
2697, ,Губаха,1840000
2698, ,Волоколамск,1840000
2699, ,Агрыз,1840000
2700, ,Няндома,1840000
2701, ,Бачи-Юрт,1840000
2702, ,Рыбное,1840000
2703, ,Черепаново,1840000
2704, ,Ершов,1840000
2705, ,Дудинка,1840000
2706, ,Белоярский,1840000
2707, ,Терек,1840000
2708, ,Лодейное Поле,1840000
2709, ,Ардон,1840000
2710, ,Раевский,1840000
2711, ,Кировград,1840000
2712, ,Бакал,1840000
2713, ,Лебедянь,1840000
2714, ,Николаевск-на-Амуре,1840000
2715, ,Зверево,1840000
2716, ,Пролетарск,1840000
2717, ,Онега,1840000
2718, ,Данков,1840000
2719, ,Ковылкино,1840000
2720, ,Калач,1840000
2721, ,Сортавала,1840000
2722, ,Льгов,1840000
2723, ,Новый Оскол,1840000
2724, ,Суровикино,1840000
2725, ,Кавалерово,1840000
2726, ,Шимановск,1840000
2727, ,Ванино,1840000
2728, ,Приозерск,1840000
2729, ,Гойти,1840000
2730, ,Юрьев-Польский,1840000
2731, ,Абдулино,1840000
2732, ,Нытва,1840000
2733, ,Белоозерский,1840000
2734, ,Слюдянка,1840000
2735, ,Стародуб,1840000
2736, ,Нефтегорск,1840000
2737, ,Автуры,1840000
2738, ,Харабали,1840000
2739, ,Кукмор,1840000
2740, ,Собинка,1840000
2741, ,Экажево,1840000
2742, ,Голицыно,1840000
2743, ,Нелидово,1840000
2744, ,Инза,1840000
2745, ,Полярный,1840000
2746, ,Енисейск,1840000
2747, ,Пласт,1840000
2748, ,Краснокумское,1840000
2749, ,Суворов,1840000
2750, ,Карачев,1840000
2751, ,Нижняя Салда,1840000
2752, ,Райчихинск,1840000
2753, ,Шумиха,1840000
2754, ,Краснослободск,1840000
2755, ,Гурьевск,1840000
2756, ,Баймак,1840000
2757, ,Кинель-Черкассы,1840000
2758, ,Константиновск,1840000
2759, ,Куса,1840000
2760, ,Туринск,1840000
2761, ,Гаврилов-Ям,1840000
2762, ,Мензелинск,1840000
2763, ,Покров,1840000
2764, ,Подпорожье,1840000
2765, ,Галич,1840000
2766, ,Жуковка,1840000
2767, ,Белая Глина,1840000
2768, ,Иглино,1840000
2769, ,Новомичуринск,1840000
2770, ,Поворино,1840000
2771, ,Почеп,1840000
2772, ,Сельцо,1840000
2773, ,Учкекен,1840000
2774, ,Козельск,1840000
2775, ,Кирсанов,1840000
2776, ,Куртамыш,1840000
2777, ,Новоаннинский,1840000
2778, ,Петровск-Забайкальский,1840000
2779, ,Бабаюрт,1840000
2780, ,Кодинск,1840000
2781, ,Касли,1840000
2782, ,Рыльск,1840000
2783, ,Дегтярск,1840000
2784, ,Камызяк,1840000
2785, ,Барыш,1840000
2786, ,Талица,1840000
2787, ,Бикин,1840000
2788, ,Плавск,1840000
2789, ,Ивдель,1840000
2790, ,Катав-Ивановск,1840000
2791, ,Бородино,1840000
2792, ,Калининск,1840000
2793, ,Мамадыш,1840000
2794, ,Ковдор,1840000
2795, ,Жирновск,1840000
2796, ,Новоузенск,1840000
2797, ,Болотное,1840000
2798, ,Анадырь,1840000
2799, ,Светогорск,1840000
2800, ,Советск,1840000
2801, ,Зеленоградск,1840000
2802, ,Осташков,1840000
2803, ,Красновишерск,1840000
2804, ,Абаза,1840000
2805, ,Чалтырь,1840000
2806, ,Поронайск,1840000
2807, ,Щигры,1840000
2808, ,Яранск,1840000
2809, ,Ясногорск,1840000
2810, ,Приволжск,1840000
2811, ,Ясный,1840000
2812, ,Бокситогорск,1840000
2813, ,Арамиль,1840000
2814, ,Кулунда,1840000
2815, ,Ленинск,1840000
2816, ,Пестово,1840000
2817, ,Нерчинск,1840000
2818, ,Кизел,1840000
2819, ,Удельная,1840000
2820, ,Кондрово,1840000
2821, ,Чегдомын,1840000
2822, ,Навашино,1840000
2823, ,Невель,1840000
2824, ,Грязовец,1840000
2825, ,Шлиссельбург,1840000
2826, ,Красногвардейское,1840000
2827, ,Данилов,1840000
2828, ,Сухиничи,1840000
2829, ,Белокуриха,1840000
2830, ,Палласовка,1840000
2831, ,Арзгир,1840000
2832, ,Катыр-Юрт,1840000
2833, ,Цивильск,1840000
2834, ,Агидель,1840000
2835, ,Усть-Ордынский,1840000
2836, ,Цимлянск,1840000
2837, ,Красный Кут,1840000
2838, ,Полярные Зори,1840000
2839, ,Валдай,1840000
2840, ,Волгореченск,1840000
2841, ,Медвежьегорск,1840000
2842, ,Заполярный,1840000
2843, ,Лакинск,1840000
2844, ,Яхрома,1840000
2845, ,Охра,1840000
2846, ,Венев,1840000
2847, ,Ужур,1840000
2848, ,Гелдагана,1840000
2849, ,Новоульяновск,1840000
2850, ,Дубовка,1840000
2851, ,Чудово,1840000
2852, ,Гехи,1840000
2853, ,Майртуп,1840000
2854, ,Купино,1840000
2855, ,Кашин,1840000
2856, ,Кулешовка,1840000
2857, ,Светлогорск,1840000
2858, ,Николаевск,1840000
2859, ,Трубчевск,1840000
2860, ,Ак-Довурак,1840000
2861, ,Жуково,1840000
2862, ,Кудрово,1840000
2863, ,Голышманово,1840000
2864, ,Меленки,1840000
2865, ,Аллерой,1840000
2866, ,Ахты,1840000
2867, ,Руза,1840000
2868, ,Обоянь,1840000
2869, ,Касумкент,1840000
2870, ,Гвардейск,1840000
2871, ,Первомайск,1840000
2872, ,Белев,1840000
2873, ,Уяр,1840000
2874, ,Забайкальск,1840000
2875, ,Карабаново,1840000
2876, ,Каспийский,1840000
2877, ,Краснозаводск,1840000
2878, ,Черниговка,1840000
2879, ,Мантурово,1840000
2880, ,Дивное,1840000
2881, ,Могоча,1840000
2882, ,Свирск,1840000
2883, ,Фокино,1840000
2884, ,Сим,1840000
2885, ,Вяземский,1840000
2886, ,Сясстрой,1840000
2887, ,Нартан,1840000
2888, ,Гороховец,1840000
2889, ,Талдом,1840000
2890, ,Адыгейск,1840000
2891, ,Самашки,1840000
2892, ,Йемва,1840000
2893, ,Сурхахи,1840000
2894, ,Старые Атаги,1840000
2895, ,Шилка,1840000
2896, ,Лукоянов,1840000
2897, ,Байкальск,1840000
2898, ,Сагопши,1840000
2899, ,Южа,1840000
2900, ,Петров Вал,1840000
2901, ,Петушки,1840000
2902, ,Эльхотово,1840000
2903, ,Камешково,1840000
2904, ,Урен,1840000
2905, ,Хвалынск,1840000
2906, ,Катайск,1840000
2907, ,Алхан-Кала,1840000
2908, ,Бодайбо,1840000
2909, ,Мескер-Юрт,1840000
2910, ,Серноводск,1840000
2911, ,Красный Яр,1840000
2912, ,Выльгорт,1840000
2913, ,Ботлих,1840000
2914, ,Черлак,1840000
2915, ,Горняк,1840000
2916, ,Торопец,1840000
2917, ,Исламей,1840000
2918, ,Красноусольский,1840000
2919, ,Волосово,1840000
2920, ,Далматово,1840000
2921, ,Поселиха,1840000
2922, ,Аркадак,1840000
2923, ,Новая Ляля,1840000
2924, ,Леваши,1840000
2925, ,Покровское,1840000
2926, ,Чаплыгин,1840000
2927, ,Струнино,1840000
2928, ,Магдагачи,1840000
2929, ,Заюково,1840000
2930, ,Долинск,1840000
2931, ,Удачный,1840000
2932, ,Кемь,1840000
2933, ,Лихославль,1840000
2934, ,Чегем Второй,1840000
2935, ,Северный,1840000
2936, ,Нязепетровск,1840000
2937, ,Чердаклы,1840000
2938, ,Агинское,1840000
2939, ,Никель,1840000
2940, ,Сорск,1840000
2941, ,Юрюзань,1840000
2942, ,Бабаево,1840000
2943, ,Чекмагуш,1840000
2944, ,Горнозаводск,1840000
2945, ,Чкаловск,1840000
2946, ,Дрезна,1840000
2947, ,Пионерский,1840000
2948, ,Миасское,1840000
2949, ,Сосенский,1840000
2950, ,Тетюши,1840000
2951, ,Богучаны,1840000
2952, ,Кораблино,1840000
2953, ,Чулым,1840000
2954, ,Курсавка,1840000
2955, ,Звенигово,1840000
2956, ,Закаменск,1840000
2957, ,Бэйли,1840000
2958, ,Киренск,1840000
2959, ,Чугуевка,1840000
2960, ,Называевск,1840000
2961, ,Вилюйск,1840000
2962, ,Нариманов,1840000
2963, ,Богучар,1840000
2964, ,Сосновка,1840000
2965, ,Калязин,1840000
2966, ,Шалушка,1840000
2967, ,Карабаш,1840000
2968, ,Шагонар,1840000
2969, ,Белоусово,1840000
2970, ,Камень-Рыболов,1840000
2971, ,Засечное,1840000
2972, ,Кандры,1840000
2973, ,Месягутово,1840000
2974, ,Неман,1840000
2975, ,Хорол,1840000
2976, ,Хасанья,1840000
2977, ,Александровск,1840000
2978, ,Боровск,1840000
2979, ,Сураж,1840000
2980, ,Прасковея,1840000
2981, ,Завитинск,1840000
2982, ,Надежда,1840000
2983, ,Южно-Сухокумск,1840000
2984, ,Хилок,1840000
2985, ,Малая Вишера,1840000
2986, ,Песчанокопское,1840000
2987, ,Кременки,1840000
2988, ,Высоковск,1840000
2989, ,Змеиногорск,1840000
2990, ,Ленинаул,1840000
2991, ,Олекминск,1840000
2992, ,Питкяранта,1840000
2993, ,Сильва,1840000
2994, ,Зуевка,1840000
2995, ,Судогда,1840000
2996, ,Невельск,1840000
2997, ,Белая Холуница,1840000
2998, ,Таксимо,1840000
2999, ,Магас,1840000
3000, ,Вытегра,1840000
3001, ,Буздяк,1840000
3002, ,Тюкалинск,1840000
3003, ,Аргаяш,1840000
3004, ,Заозерный,1840000
3005, ,Камбарка,1840000
3006, ,Эртиль,1840000
3007, ,Михайлов,1840000
3008, ,Ворсма,1840000
3009, ,Опочка,1840000
3010, ,Заволжск,1840000
3011, ,Ермолино,1840000
3012, ,Толбазы,1840000
3013, ,Сильва,1840000
3014, ,Верхний Тагил,1840000
3015, ,Ноглики,1840000
3016, ,Жатай,1840000
3017, ,Кош-Агач,1840000
3018, ,Криводановка,1840000
3019, ,Икряное,1840000
3020, ,Вуктыл,1840000
3021, ,Дылым,1840000
3022, ,Дигора,1840000
3023, ,Каргополь,1840000
3024, ,Снежногорск,1840000
3025, ,Уржум,1840000
3026, ,Кушнаренково,1840000
3027, ,Варна,1840000
3028, ,Беломорск,1840000
3029, ,Сунтар,1840000
3030, ,Серафимовский,1840000
3031, ,Тотьма,1840000
3032, ,Микунь,1840000
3033, ,Дорогобуж,1840000
3034, ,Нюрба,1840000
3035, ,Алхан-Юрт,1840000
3036, ,Суздаль,1840000
3037, ,Лакха Невре,1840000
3038, ,Новые Атаги,1840000
3039, ,Александров Гай,1840000
3040, ,Нолинск,1840000
3041, ,Щучье,1840000
3042, ,Володарск,1840000
3043, ,Кола,1840000
3044, ,Печоры,1840000
3045, ,Кенже,1840000
3046, ,Луза,1840000
3047, ,Красногвардейское,1840000
3048, ,Задонск,1840000
3049, ,Левокумское,1840000
3050, ,Валерик,1840000
3051, ,Бакалы,1840000
3052, ,Домбаровский,1840000
3053, ,Игрим,1840000
3054, ,Ашукино,1840000
3055, ,Бураево,1840000
3301, ,Пошкент,2140000
3056, ,Солдато-Александровское,1840000
3057, ,Александровск-Сахалинский,1840000
3058, ,Ивангород,1840000
3059, ,Рудня,1840000
3060, ,Султан-Янгиюрт,1840000
3061, ,Шира,1840000
3062, ,Аксай,1840000
3063, ,Юца,1840000
3064, ,Анива,1840000
3065, ,Краснослободск,1840000
3066, ,Верхнеяркеево,1840000
3067, ,Каргат,1840000
3068, ,Верхнеуральск,1840000
3069, ,Чечен-Аул,1840000
3070, ,Гаджиево,1840000
3071, ,Покровск,1840000
3072, ,Завьялово,1840000
3073, ,Нижние Серги,1840000
3074, ,Лесной Городок,1840000
3075, ,Михайловское,1840000
3076, ,Анискино,1840000
3077, ,Подстепки,1840000
3078, ,Михайловка,1840000
3079, ,Усть-Нера,1840000
3080, ,Бичура,1840000
3081, ,Чадан,1840000
3082, ,Нижний Одес,1840000
3083, ,Таруса,1840000
3084, ,Харовск,1840000
3085, ,Наволоки,1840000
3086, ,Винсади,1840000
3087, ,Сергиевск,1840000
3088, ,Болохово,1840000
3089, ,Верхняя Тура,1840000
3090, ,Аргудан,1840000
3091, ,Ельня,1840000
3092, ,Кирс,1840000
3093, ,Джалка,1840000
3094, ,Борское,1840000
3095, ,Михайловск,1840000
3096, ,Суоярви,1840000
3097, ,Серафимович,1840000
3098, ,Топчиха,1840000
3099, ,Кратово,1840000
3100, ,Пудож,1840000
3101, ,Нея,1840000
3102, ,Кувшиново,1840000
3103, ,Псыж,1840000
3104, ,Поварово,1840000
3105, ,Сольцы,1840000
3106, ,Белозерск,1840000
3107, ,Городовики,1840000
3108, ,Миньяр,1840000
3109, ,Мариинский Посад,1840000
3110, ,Порхов,1840000
3111, ,Гремячинск,1840000
3112, ,Волчанск,1840000
3113, ,Перевоз,1840000
3114, ,Мраково,1840000
3115, ,Углегорск,1840000
3116, ,Губден,1840000
3117, ,Устюжна,1840000
3118, ,Верхотурье,1840000
3119, ,Лаишево,1840000
3120, ,Козловка,1840000
3121, ,Верхние Ачалуки,1840000
3122, ,Ардатов,1840000
3123, ,Верхний Мамон,1840000
3124, ,Починок,1840000
3125, ,Новоселицкое,1840000
3126, ,Дубовское,1840000
3127, ,Липки,1840000
3128, ,Кармаскалы,1840000
3129, ,Чермен,1840000
3130, ,Бирюсинск,1840000
3131, ,Оловянная,1840000
3132, ,Облучье,1840000
3133, ,Сковородино,1840000
3134, ,Хандыга,1840000
3135, ,Макаров,1840000
3136, ,Верхневилюйск,1840000
3137, ,Умба,1840000
3138, ,Тазовский,1840000
3139, ,Мундыбаш,1840000
3140, ,Тикси,1840000
3141, ,Охотск,1840000
3142, ,Тура,1840000
3143, ,Билибино,1840000
3144, ,Чернышевский,1840000
3145, ,Игарка,1840000
3146, ,Усть-Камчатск,1840000
3147, ,Туруханск,1840000
3148, ,Багдарин,1840000
3149, ,Сангар,1840000
3150, ,Хатанга,1840000
3151, ,Сусуман,1840000
3152, ,Батагай,1840000
3153, ,Омсукчан,1840000
3154, ,Новый Уоян,1840000
3155, ,Певек,1840000
3156, ,Витим,1840000
3157, ,Черский,1840000
3158, ,Палана,1840000
3159, ,Зырянка,1840000
3160, ,Де-Кастри,1840000
3161, ,Среднеколымск,1840000
3162, ,Жиганск,1840000
3163, ,Букачача,1840000
3164, ,Угольные Копи,1840000
3165, ,Красногорск,1840000
3166, ,Мезень,1840000
3167, ,Теели,1840000
3168, ,Усть-Майя,1840000
3169, ,Саранпаул,1840000
3170, ,Провидения,1840000
3171, ,Чокурдах,1840000
3172, ,Северо-Курильск,1840000
3173, ,Саскылах,1840000
3174, ,Эгвекинот,1840000
3175, ,Эвенск,1840000
3176, ,Беринговский,1840000
3177, ,Новый Порт,1840000
3178, ,Октябрьский,1840000
3179, ,Усть-Куйга,1840000
3180, ,Элдикан,1840000
3181, ,Артемовск,1840000
3182, ,Казачье,1840000
3183, ,Находка,1840000
3184, ,Лаврентия,1840000
3185, ,Верхоянск,1840000
3186, ,Диксон,1840000
3187, ,Чумикан,1840000
3188, ,Ключи,1840000
3189, ,Аян,1840000
3190, ,Омолон,1840000
3191, ,Ерема,1840000
3192, ,Жилинда,1840000
3193, ,Манили,1840000
3194, ,Уэлен,1840000
3195, ,Михалкино,1840000
3196, ,Оймякон,1840000
3197, ,Шерловая Гора,1840000
3198, ,Нижнеянск,1840000
3199, ,Бугрино,1840000
3200, ,Шойна,1840000
3201, ,Путь Ленина,1840000
3202, ,Энурмино,1840000
3203, ,Амдерма,1840000
3204, ,Корф,1840000
3205, ,Прогресс,1840000
3206, ,Ильпирский,1840000
3207, ,Мухоморное,1840000
3208, ,Воронцово,1840000
3209, ,Ковда,1840000
3210, ,Маточкин Шар,1840000
3211, ,Сиглан,1840000
3212, ,Омчак,1840000
3213, ,Шалаурова,1840000
3214, ,Хорго,1840000
3215, ,Тьерб,1840000
3216, ,Перегребное,1840000
3217, ,Комса,1840000
3218, ,Гида,1840000
3219, ,Хахар,1840000
3220, ,Менкерья,1840000
3221, ,Усть-Нюкжа,1840000
3222, ,Звездный,1840000
3223, ,Пахачи,1840000
3224, ,Индига,1840000
3225, ,Старорыбное,1840000
3226, ,Ларьяк,1840000
3227, ,Улкан,1840000
3228, ,Стрелка,1840000
3229, ,Чагда,1840000
3230, ,Сагастыр,1840000
3231, ,Земля Бунге,1840000
3232, ,Трофимовск,1840000
3233, ,Тунгусская,1840000
3234, ,Агапа,1840000
3235, ,Подкаменная Тунгуска,1840000
3236, ,Тукчи,1840000
3237, ,Варнек,1840000
3238, ,Нумто,1840000
3239, ,Усть-Оленек,1840000
3240, ,Большерецк,1840000
3241, ,Оленек,1840000
3242, ,Утхолок,1840000
3243, ,Йесси,1840000
3244, ,Карамкен,1840000
3245, ,Амбарчик,1840000
3246, ,Нордвик,1840000
3247, ,Логашкино,1840000
3248, ,Душанбе,2140000
3249, ,Худжанд,2140000
3250, ,Канибадом,2140000
3251, ,Куляб,2140000
3252, ,Истаравшан,2140000
3253, ,Турсунзаде,2140000
3254, ,Пенджикент,2140000
3255, ,Исфара,2140000
3256, ,Гулакандоз,2140000
3257, ,Заргар,2140000
3258, ,Левакант,2140000
3259, ,Чимтеппа,2140000
3260, ,Рогун,2140000
3261, ,Вахдат,2140000
3262, ,Бохтар,2140000
3263, ,Исфисор,2140000
3264, ,Сарыкишты,2140000
3265, ,Навгилем,2140000
3266, ,Каратог,2140000
3267, ,Оббурдон,2140000
3268, ,Чоркух,2140000
3269, ,Ёвон,2140000
3270, ,Симигандж,2140000
3271, ,Рохаты,2140000
3272, ,Чорбог,2140000
3273, ,Норак,2140000
3274, ,Дангара,2140000
3275, ,Хорог,2140000
3276, ,Дахана,2140000
3277, ,Гиссар,2140000
3278, ,Понгоз,2140000
3279, ,Бахор,2140000
3280, ,Мучун,2140000
3281, ,Навабад,2140000
3282, ,Джиликуль,2140000
3283, ,Фархор,2140000
3284, ,Сомониён,2140000
3285, ,Хулбук,2140000
3286, ,Фирузоба,2140000
3287, ,Далиони Боло,2140000
3288, ,Москва,2140000
3289, ,Кулкент,2140000
3290, ,Мехнатобод,2140000
3291, ,Лохути,2140000
3292, ,Калача,2140000
3293, ,Нарын,2140000
3294, ,Алмаси,2140000
3295, ,Ошоба,2140000
3296, ,Палдорак,2140000
3297, ,Гафуров,2140000
3298, ,Эсанбой,2140000
3299, ,Дурбат,2140000
3300, ,Лохур,2140000
3302, ,Могиён,2140000
3303, ,Даштигулхо,2140000
3304, ,Косатарош,2140000
3305, ,Абдурахмони Джоми,2140000
3306, ,Дасти,2140000
3307, ,Чубек,2140000
3308, ,Наврафтор,2140000
3309, ,Патар,2140000
3310, ,Газантарак,2140000
3311, ,Муджихарф,2140000
3312, ,Шахритус,2140000
3313, ,Гончи,2140000
3314, ,Суджина,2140000
3315, ,Чорбог,2140000
3316, ,Мастчох,2140000
3317, ,Шахристон,2140000
3318, ,Султонабад,2140000
3319, ,Чилгази,2140000
3320, ,Адрасмон,2140000
3321, ,Бустон,2140000
3322, ,Ромит,2140000
3323, ,Сешамбе,2140000
3324, ,Вахш,2140000
3325, ,Айни,2140000
3326, ,Дехмой,2140000
3327, ,Муминабад,2140000
3328, ,Айни,2140000
3329, ,Киблай,2140000
3330, ,Амондара,2140000
3331, ,Толкать,2140000
3332, ,Работ,2140000
3333, ,Себистон,2140000
3334, ,Сангтуда,2140000
3335, ,Пяндж,2140000
3336, ,Гульшан,2140000
3337, ,Мехнатобод,2140000
3338, ,Дехконабад,2140000
3339, ,Обикиик,2140000
3340, ,Хонобод,2140000
3341, ,Калайдашт,2140000
3342, ,Варзобкала,2140000
3343, ,Вандж,2140000
3344, ,Шахринав,2140000
3345, ,Шинг,2140000
3346, ,Шуробод,2140000
3347, ,Ховалинг,2140000
3348, ,Хурми,2140000
3349, ,Каланак,2140000
3350, ,Файзабод,2140000
3351, ,Ниджони,2140000
3352, ,Навабад,2140000
3353, ,Чавкандак,2140000
3354, ,Рашт,2140000
3355, ,Пахтаобод,2140000
3356, ,Лангар,2140000
3357, ,Рарз,2140000
3358, ,Бувед,2140000
3359, ,Фароб,2140000
3360, ,Ташкент,2370000
3361, ,Наманган,2370000
3362, ,Андижан,2370000
3363, ,Самарканд,2370000
3364, ,Нукус,2370000
3365, ,Фергана,2370000
3366, ,Бухара,2370000
3367, ,Карши,2370000
3368, ,Кокон,2370000
3369, ,Маргилон,2370000
3370, ,Джизак,2370000
3371, ,Чирчик,2370000
3372, ,Ургенч,2370000
3373, ,Алмалик,2370000
3374, ,Термез,2370000
3375, ,Навои,2370000
3376, ,Ангрен,2370000
3377, ,Когон Шахри,2370000
3378, ,Ксива,2370000
3379, ,Шахрисабз,2370000
3380, ,Чуст,2370000
3381, ,Ургут Шахри,2370000
3382, ,Кувасой,2370000
3383, ,Каттаган,2370000
3384, ,Бекобод,2370000
3385, ,Кунгирот,2370000
3386, ,Денов,2370000
3387, ,Шахриксон,2370000
3388, ,Асака,2370000
3389, ,Янгиюль,2370000
3390, ,Паркент,2370000
3391, ,Ходжайли Шахри,2370000
3392, ,Каттакорг'он Шахри,2370000
3393, ,Гулистон,2370000
3394, ,Зарафшон Шахри,2370000
3395, ,Турткуль,2370000
3396, ,Беруний,2370000
3397, ,Кува,2370000
3398, ,Ксонобод,2370000
3399, ,Октош Шахри,2370000
3400, ,Китоб,2370000
3401, ,Учкургон Шахри,2370000
3402, ,Ксонка,2370000
3403, ,Охангарон,2370000
3404, ,Конгъирот Шахри,2370000
3405, ,Чимбой Шахри,2370000
3406, ,Даштабад,2370000
3407, ,Чорток,2370000
3408, ,Пискент,2370000
3409, ,Пакстаобод,2370000
3410, ,Пайшамба Шахри,2370000
3411, ,Булокбоши,2370000
3412, ,Косонсой,2370000
3413, ,Корг`онтепа,2370000
3414, ,Келес,2370000
3415, ,Гиждувон Шахри,2370000
3416, ,Торакурган,2370000
3417, ,Поп,2370000
3418, ,Уйчи,2370000
3419, ,Булунгур Шахри,2370000
3420, ,Шеробод,2370000
3421, ,Янгиер,2370000
3422, ,Олтинколь,2370000
3423, ,Бока,2370000
3424, ,Кибрай,2370000
3425, ,Гурлан,2370000
3426, ,Ксовос,2370000
3427, ,Зомин Шахарчаси,2370000
3428, ,Хаккулобод,2370000
3429, ,Искандар,2370000
3430, ,Дардок,2370000
3431, ,Пойтуг`,2370000
3432, ,Олтиарик,2370000
3433, ,Салор,2370000
3434, ,Баликчи,2370000
3435, ,Шорчи,2370000
3436, ,Г'алларол Шахри,2370000
3437, ,Учкудук Шахри,2370000
3438, ,Чинобод,2370000
3439, ,Джалолкудук,2370000
3440, ,Пакстакор Шахри,2370000
3441, ,Риштон,2370000
3442, ,Чинос,2370000
3443, ,Янги Маргилон,2370000
3444, ,Мангит,2370000
3445, ,Бешарик,2370000
3446, ,Джаркорган,2370000
3447, ,Коракол Шахри,2370000
3448, ,Газалкент,2370000
3449, ,Нурота,2370000
3450, ,Кармана,2370000
3451, ,Челак,2370000
3452, ,Яккабог`,2370000
3453, ,Ходжаобод,2370000
3454, ,Султонабад,2370000
3455, ,Карасув,2370000
3456, ,Красногорский,2370000
3457, ,Шовот,2370000
3458, ,Бешкент Шахри,2370000
3459, ,Ширин,2370000
3460, ,Хазорасп,2370000
3461, ,Кошкопир,2370000
3462, ,Тошлок,2370000
3463, ,Достлик Шахри,2370000
3464, ,Бакст,2370000
3465, ,Джомбой Шахри,2370000
3466, ,Гюзор,2370000
3467, ,Такстакопир,2370000
3468, ,Янги Миришкор,2370000
3469, ,Дружба,2370000
3470, ,Бойсун,2370000
3471, ,Бурбалик,2370000
3472, ,Не стобод,2370000
3473, ,Водил,2370000
3474, ,Сардоба,2370000
3475, ,Иштиксон Шахри,2370000
3476, ,Яйпан,2370000
3477, ,Джума Шахри,2370000
3478, ,Гагарин Шахри,2370000
3479, ,Кимёгарлар,2370000
3480, ,Кумкорган,2370000
3481, ,Узун,2370000
3482, ,Ромитан Шахри,2370000
3483, ,Сариосийо,2370000
3484, ,Онхайот,2370000
3485, ,Шофиркон Шахри,2370000
3486, ,Бойовут,2370000
3487, ,Тойлок Кишлоги,2370000
3488, ,Сарик,2370000
3489, ,Мархамат,2370000
3490, ,Муйнок,2370000
3491, ,Нишон Тумани,2370000
3492, ,Чарсин,2370000
3493, ,Уртаовул,2370000
3494, ,Чирокчи,2370000
3495, ,Баг`дод,2370000
3496, ,Ёзёвон,2370000
3497, ,Лойиш Шахарчаси,2370000
3498, ,Галаосийо Шахри,2370000
3499, ,Эски араб,2370000
3500, ,Кегейли Шахар,2370000
3501, ,Вобкент Шахри,2370000
3502, ,Паярик Шахри,2370000
3503, ,Караозак,2370000
3504, ,Г'олиблар Кишлоги'и,2370000
3505, ,Пакстаобод,2370000
3506, ,Куйганёр,2370000
3507, ,Андижан,2370000
3508, ,Янгиарик,2370000
3509, ,Гульбахор,2370000
3510, ,Оккоргъон,2370000
3511, ,Корашина,2370000
3512, ,Зийодин Шахарчаси,2370000
3513, ,Янгикоргон,2370000
3514, ,Дангара,2370000
3515, ,Янгиработ,2370000
3516, ,Эски Яккабог`,2370000
3517, ,Таллимарджон Шахри,2370000
3518, ,Шаргун,2370000
3519, ,Богот,2370000
3520, ,Тинчлик,2370000
3521, ,Шуманай,2370000
3522, ,Усмат Шахарчаши,2370000
3523, ,Дехконабад,2370000
3524, ,Нуристон,2370000
3525, ,Канликоль,2370000
3526, ,Учтепа Кишлоги,2370000
3527, ,Бандиксон,2370000
3528, ,Джомашои,2370000
3529, ,Шохимардон,2370000
3530, ,Кишров,2370000
3531, ,Ойим,2370000
3532, ,Кызылтепа,2370000
3533, ,Ингичка,2370000
3534, ,Нуробод Шахри,2370000
3535, ,Боз,2370000
3536, ,Халкобод,2370000
3537, ,Коровулбозор,2370000
3538, ,Зарбдор Шахарчаши,2370000
3539, ,Дахбед,2370000
3540, ,Кахрамон,2370000
3541, ,Янгиабад,2370000
3542, ,Ангор,2370000
3543, ,Гозгон,2370000
3544, ,Джондор Шахарчаси,2370000
3545, ,Коровул,2370000
